trade_id,symbol,strategy,entry_date,exit_date,entry_price,exit_price,shares,position_size,pnl,return_pct,days_held,is_winner
1,CRWD,PULLBACK,2020-01-01,2020-01-17,456.46,534.54,9.85,4494.3,768.68,17.1,16,True
2,CRWD,TREND_FOLLOW,2020-01-03,2020-01-25,113.67,100.52,3.32,377.27,-43.64,-11.57,22,False
3,NVDA,TREND_FOLLOW,2020-01-05,2020-03-08,480.96,709.6,6.45,3102.97,1475.07,47.54,63,True
4,TSLA,MOMENTUM_ACCEL,2020-01-07,2020-02-24,348.08,579.85,4.87,1693.72,1127.75,66.58,48,True
5,NVDA,BREAKOUT,2020-01-09,2020-02-06,139.29,140.02,8.63,1201.47,6.32,0.53,28,False
6,PLTR,TREND_FOLLOW,2020-01-11,2020-01-14,164.79,149.4,7.37,1214.23,-113.35,-9.34,3,False
7,SMCI,MOMENTUM_ACCEL,2020-01-13,2020-03-13,193.4,170.42,4.02,776.82,-92.32,-11.88,60,False
8,CRWD,BREAKOUT,2020-01-15,2020-01-19,224.28,201.91,1.77,396.43,-39.53,-9.97,4,False
9,AMD,TREND_FOLLOW,2020-01-17,2020-01-27,59.95,46.46,9.57,573.43,-129.06,-22.51,10,True
10,PLTR,BREAKOUT,2020-01-19,2020-02-27,187.69,133.62,1.32,247.15,-71.2,-28.81,39,False
11,MSTR,TREND_FOLLOW,2020-01-21,2020-01-27,425.4,376.65,5.54,2357.01,-270.13,-11.46,6,False
12,SMCI,PULLBACK,2020-01-23,2020-02-07,61.23,64.12,4.08,250.08,11.81,4.72,15,True
13,COIN,BREAKOUT,2020-01-25,2020-02-22,268.12,222.22,6.05,1623.33,-277.89,-17.12,28,False
14,PLTR,MOMENTUM_ACCEL,2020-01-27,2020-01-31,338.43,479.45,9.33,3158.3,1316.07,41.67,4,True
15,TSLA,PULLBACK,2020-01-29,2020-02-04,327.69,274.97,6.81,2230.05,-358.77,-16.09,6,False
16,CRWD,TREND_FOLLOW,2020-01-31,2020-03-27,493.82,506.18,6.75,3331.92,83.45,2.5,56,False
17,CRWD,MOMENTUM_ACCEL,2020-02-02,2020-02-08,161.0,138.25,7.27,1169.75,-165.32,-14.13,6,False
18,COIN,MOMENTUM_ACCEL,2020-02-04,2020-03-11,445.81,372.55,4.99,2225.23,-365.65,-16.43,36,False
19,MSTR,BREAKOUT,2020-02-06,2020-03-02,374.14,360.4,6.56,2455.31,-90.15,-3.67,25,True
20,COIN,PULLBACK,2020-02-08,2020-02-15,364.67,685.8,6.12,2230.63,1964.26,88.06,7,True
21,COIN,TREND_FOLLOW,2020-02-10,2020-03-04,139.13,130.57,3.04,422.91,-26.02,-6.15,23,False
22,COIN,BREAKOUT,2020-02-12,2020-02-29,478.12,402.13,1.82,868.99,-138.1,-15.89,17,False
23,MSTR,MOMENTUM_ACCEL,2020-02-14,2020-02-15,301.32,276.84,9.91,2986.05,-242.59,-8.12,1,False
24,SMCI,BREAKOUT,2020-02-16,2020-02-17,221.15,201.81,4.22,932.28,-81.52,-8.74,1,False
25,SMCI,BREAKOUT,2020-02-18,2020-03-24,307.55,311.19,5.08,1560.88,18.47,1.18,35,False
26,TSLA,MOMENTUM_ACCEL,2020-02-20,2020-02-24,106.49,86.09,4.0,426.33,-81.65,-19.15,4,False
27,COIN,TREND_FOLLOW,2020-02-22,2020-02-26,58.37,47.97,6.1,355.83,-63.38,-17.81,4,False
28,COIN,PULLBACK,2020-02-24,2020-02-25,204.69,160.04,9.07,1855.92,-404.79,-21.81,1,False
29,PLTR,TREND_FOLLOW,2020-02-26,2020-03-01,226.67,219.71,7.91,1791.89,-54.98,-3.07,4,False
30,SMCI,BREAKOUT,2020-02-28,2020-04-12,325.21,299.58,5.42,1763.18,-138.97,-7.88,44,False
31,SMCI,PULLBACK,2020-03-01,2020-05-08,94.42,75.64,7.24,683.17,-135.89,-19.89,68,False
32,CRWD,BREAKOUT,2020-03-03,2020-03-04,431.56,346.1,8.73,3768.9,-746.32,-19.8,1,False
33,SMCI,MOMENTUM_ACCEL,2020-03-05,2020-03-16,451.25,410.22,5.91,2665.72,-242.39,-9.09,11,False
34,AMD,PULLBACK,2020-03-07,2020-03-08,163.83,245.96,7.96,1304.84,654.07,50.13,1,True
35,TSLA,MOMENTUM_ACCEL,2020-03-09,2020-03-11,196.75,168.98,6.66,1311.02,-185.08,-14.12,2,False
36,PLTR,BREAKOUT,2020-03-11,2020-04-02,384.98,339.47,9.38,3610.92,-426.84,-11.82,22,False
37,TSLA,PULLBACK,2020-03-13,2020-03-16,410.26,387.77,2.36,968.64,-53.1,-5.48,3,False
38,TSLA,MOMENTUM_ACCEL,2020-03-15,2020-03-29,384.84,342.02,8.3,3192.97,-355.28,-11.13,14,False
39,TSLA,MOMENTUM_ACCEL,2020-03-17,2020-03-18,173.81,168.12,4.8,834.81,-27.32,-3.27,1,False
40,CRWD,PULLBACK,2020-03-19,2020-04-05,199.67,214.91,1.85,369.44,28.19,7.63,17,False
41,AMD,MOMENTUM_ACCEL,2020-03-21,2020-04-15,462.4,436.88,6.66,3081.51,-170.1,-5.52,25,False
42,AMD,MOMENTUM_ACCEL,2020-03-23,2020-03-25,444.93,459.46,3.56,1584.4,51.76,3.27,2,True
43,MSTR,MOMENTUM_ACCEL,2020-03-25,2020-04-07,342.97,249.86,4.72,1618.02,-439.3,-27.15,13,False
44,AMD,MOMENTUM_ACCEL,2020-03-27,2020-05-10,465.43,383.55,4.09,1904.4,-335.03,-17.59,44,False
45,TSLA,BREAKOUT,2020-03-29,2020-04-06,409.83,725.28,2.08,852.66,656.3,76.97,8,True
46,MSTR,TREND_FOLLOW,2020-03-31,2020-04-26,267.43,248.48,7.59,2030.78,-143.92,-7.09,26,False
47,MSTR,MOMENTUM_ACCEL,2020-04-02,2020-04-12,108.54,196.37,5.15,558.65,452.04,80.92,10,True
48,NVDA,TREND_FOLLOW,2020-04-04,2020-05-12,215.87,198.13,1.53,329.33,-27.07,-8.22,38,False
49,CRWD,MOMENTUM_ACCEL,2020-04-06,2020-04-20,494.61,620.03,8.91,4405.72,1117.16,25.36,14,True
50,NVDA,PULLBACK,2020-04-08,2020-05-11,157.73,147.49,7.79,1228.22,-79.73,-6.49,33,False
51,NVDA,MOMENTUM_ACCEL,2020-04-10,2020-04-12,396.92,392.67,1.05,415.19,-4.45,-1.07,2,False
52,NVDA,TREND_FOLLOW,2020-04-12,2020-04-17,357.27,639.71,2.96,1056.27,835.05,79.06,5,True
53,SMCI,TREND_FOLLOW,2020-04-14,2020-04-30,363.16,446.58,9.85,3578.79,822.1,22.97,16,True
54,NVDA,BREAKOUT,2020-04-16,2020-04-23,202.2,382.52,9.73,1968.42,1755.38,89.18,7,True
55,NVDA,TREND_FOLLOW,2020-04-18,2020-04-21,172.71,307.17,2.35,405.84,315.95,77.85,3,True
56,CRWD,PULLBACK,2020-04-20,2020-07-19,106.39,92.83,5.1,542.8,-69.2,-12.75,90,False
57,MSTR,PULLBACK,2020-04-22,2020-04-23,70.74,56.26,2.9,205.0,-41.95,-20.47,1,False
58,AMD,BREAKOUT,2020-04-24,2020-05-07,149.62,137.4,4.74,709.14,-57.9,-8.17,13,False
59,COIN,MOMENTUM_ACCEL,2020-04-26,2020-05-23,296.77,239.28,5.11,1517.6,-293.98,-19.37,27,False
60,MSTR,PULLBACK,2020-04-28,2020-06-06,376.96,318.04,5.72,2155.52,-336.92,-15.63,39,False
61,TSLA,TREND_FOLLOW,2020-04-30,2020-05-09,118.59,154.42,5.59,662.33,200.12,30.21,9,True
62,TSLA,BREAKOUT,2020-05-02,2020-05-12,345.08,308.46,6.32,2181.0,-231.43,-10.61,10,False
63,CRWD,PULLBACK,2020-05-04,2020-05-07,406.7,608.3,1.56,635.69,315.1,49.57,3,True
64,PLTR,BREAKOUT,2020-05-06,2020-05-15,67.51,57.45,1.28,86.31,-12.86,-14.91,9,False
65,COIN,BREAKOUT,2020-05-08,2020-05-10,119.8,256.44,3.6,431.57,492.21,114.05,2,True
66,NVDA,MOMENTUM_ACCEL,2020-05-10,2020-05-19,431.93,347.08,9.6,4147.9,-814.87,-19.65,9,False
67,SMCI,PULLBACK,2020-05-12,2020-05-21,455.58,424.7,6.99,3182.72,-215.71,-6.78,9,False
68,TSLA,TREND_FOLLOW,2020-05-14,2020-05-29,395.71,439.14,9.06,3584.65,393.36,10.97,15,True
69,TSLA,PULLBACK,2020-05-16,2020-05-29,284.46,301.02,7.1,2019.02,117.51,5.82,13,False
70,PLTR,PULLBACK,2020-05-18,2020-05-19,455.68,395.15,7.14,3253.01,-432.07,-13.28,1,False
71,PLTR,TREND_FOLLOW,2020-05-20,2020-06-14,92.1,138.01,1.94,178.35,88.89,49.84,25,True
72,NVDA,PULLBACK,2020-05-22,2020-05-23,274.84,224.77,4.05,1112.06,-202.6,-18.22,1,False
73,COIN,MOMENTUM_ACCEL,2020-05-24,2020-06-21,127.89,107.18,4.14,529.66,-85.76,-16.19,28,False
74,SMCI,MOMENTUM_ACCEL,2020-05-26,2020-06-27,459.61,434.66,6.42,2948.4,-160.03,-5.43,32,False
75,PLTR,BREAKOUT,2020-05-28,2020-06-13,51.12,41.67,8.33,425.63,-78.61,-18.47,16,False
76,PLTR,PULLBACK,2020-05-30,2020-07-03,243.73,216.06,6.46,1574.18,-178.73,-11.35,34,False
77,AMD,BREAKOUT,2020-06-01,2020-06-02,434.27,392.02,4.2,1821.83,-177.23,-9.73,1,False
78,TSLA,MOMENTUM_ACCEL,2020-06-03,2020-06-08,151.92,115.13,5.14,781.07,-189.13,-24.21,5,False
79,PLTR,TREND_FOLLOW,2020-06-05,2020-06-25,275.97,255.04,8.77,2420.01,-183.5,-7.58,20,False
80,MSTR,BREAKOUT,2020-06-07,2020-06-27,324.09,235.75,1.79,581.28,-158.45,-27.26,20,False
81,NVDA,BREAKOUT,2020-06-09,2020-06-21,440.22,816.52,1.07,470.34,402.05,85.48,12,True
82,NVDA,MOMENTUM_ACCEL,2020-06-11,2020-06-16,301.34,493.66,6.9,2080.52,1327.84,63.82,5,True
83,COIN,PULLBACK,2020-06-13,2020-07-20,199.03,191.18,9.68,1926.28,-75.91,-3.94,37,False
84,AMD,PULLBACK,2020-06-15,2020-07-14,106.7,135.15,9.26,987.61,263.35,26.67,29,True
85,CRWD,PULLBACK,2020-06-17,2020-06-24,144.46,121.43,1.5,216.28,-34.49,-15.95,7,False
86,MSTR,TREND_FOLLOW,2020-06-19,2020-06-30,178.02,158.67,6.06,1077.99,-117.19,-10.87,11,False
87,PLTR,PULLBACK,2020-06-21,2020-07-09,94.24,143.91,5.31,500.49,263.74,52.7,18,True
88,MSTR,TREND_FOLLOW,2020-06-23,2020-07-09,387.47,421.95,1.33,514.41,45.78,8.9,16,False
89,NVDA,BREAKOUT,2020-06-25,2020-07-15,105.12,69.21,2.05,215.15,-73.49,-34.16,20,False
90,PLTR,MOMENTUM_ACCEL,2020-06-27,2020-06-28,346.9,261.68,5.76,1997.96,-490.8,-24.57,1,False
91,SMCI,MOMENTUM_ACCEL,2020-06-29,2020-08-12,488.71,385.01,5.34,2611.19,-554.08,-21.22,44,False
92,MSTR,TREND_FOLLOW,2020-07-01,2020-07-07,251.74,230.81,8.21,2067.74,-171.89,-8.31,6,False
93,COIN,BREAKOUT,2020-07-03,2020-07-04,153.34,297.33,8.61,1319.6,1239.11,93.9,1,True
94,CRWD,BREAKOUT,2020-07-05,2020-07-23,418.43,328.34,9.12,3817.78,-821.97,-21.53,18,False
95,CRWD,TREND_FOLLOW,2020-07-07,2020-07-10,440.47,410.6,2.4,1059.31,-71.85,-6.78,3,False
96,CRWD,TREND_FOLLOW,2020-07-09,2020-07-14,241.47,199.95,9.73,2350.63,-404.17,-17.19,5,False
97,MSTR,BREAKOUT,2020-07-11,2020-07-12,75.12,78.14,5.88,441.39,17.78,4.03,1,True
98,MSTR,MOMENTUM_ACCEL,2020-07-13,2020-07-21,214.15,195.12,9.07,1941.81,-172.55,-8.89,8,False
99,TSLA,PULLBACK,2020-07-15,2020-07-19,393.37,491.01,9.55,3755.31,932.21,24.82,4,True
100,CRWD,MOMENTUM_ACCEL,2020-07-17,2020-07-19,432.4,337.78,5.49,2374.14,-519.51,-21.88,2,True
101,AMD,TREND_FOLLOW,2020-07-19,2020-07-26,51.59,50.39,3.86,199.26,-4.63,-2.32,7,False
102,TSLA,TREND_FOLLOW,2020-07-21,2020-07-24,423.65,316.4,8.56,3624.59,-917.56,-25.32,3,False
103,COIN,PULLBACK,2020-07-23,2020-07-24,400.41,328.07,5.67,2271.07,-410.32,-18.07,1,False
104,AMD,BREAKOUT,2020-07-25,2020-08-14,233.6,218.45,6.8,1588.54,-103.04,-6.49,20,False
105,TSLA,MOMENTUM_ACCEL,2020-07-27,2020-09-28,170.07,151.93,1.76,298.71,-31.87,-10.67,63,False
106,PLTR,BREAKOUT,2020-07-29,2020-09-11,396.3,332.63,2.29,909.45,-146.11,-16.07,44,False
107,MSTR,MOMENTUM_ACCEL,2020-07-31,2020-09-22,238.27,264.15,9.16,2182.22,236.97,10.86,53,False
108,COIN,MOMENTUM_ACCEL,2020-08-02,2020-09-28,299.66,401.39,4.03,1208.04,410.1,33.95,57,True
109,COIN,TREND_FOLLOW,2020-08-04,2020-08-28,259.42,187.69,9.88,2561.99,-708.43,-27.65,24,False
110,CRWD,MOMENTUM_ACCEL,2020-08-06,2020-08-23,176.02,156.63,4.71,828.19,-91.24,-11.02,17,False
111,SMCI,BREAKOUT,2020-08-08,2020-08-09,194.46,184.33,5.62,1093.65,-56.95,-5.21,1,False
112,MSTR,TREND_FOLLOW,2020-08-10,2020-08-11,115.69,98.57,7.72,892.98,-132.11,-14.79,1,False
113,SMCI,MOMENTUM_ACCEL,2020-08-12,2020-10-27,171.32,180.48,3.49,597.83,31.95,5.34,76,False
114,COIN,PULLBACK,2020-08-14,2020-09-12,384.07,348.44,7.75,2978.22,-276.27,-9.28,29,False
115,NVDA,BREAKOUT,2020-08-16,2020-10-03,236.69,219.75,6.41,1516.8,-108.57,-7.16,48,False
116,COIN,BREAKOUT,2020-08-18,2020-09-03,417.87,399.04,7.87,3288.4,-148.14,-4.5,16,True
117,CRWD,BREAKOUT,2020-08-20,2020-08-21,135.9,187.19,6.9,937.35,353.75,37.74,1,True
118,TSLA,PULLBACK,2020-08-22,2020-08-28,111.57,99.77,8.98,1002.47,-106.03,-10.58,6,False
119,SMCI,TREND_FOLLOW,2020-08-24,2020-09-04,213.57,282.32,4.68,999.15,321.63,32.19,11,True
120,NVDA,TREND_FOLLOW,2020-08-26,2020-08-27,277.43,302.57,6.07,1684.42,152.59,9.06,1,True
121,CRWD,MOMENTUM_ACCEL,2020-08-28,2020-09-01,482.7,563.04,6.6,3186.16,530.33,16.64,4,True
122,CRWD,TREND_FOLLOW,2020-08-30,2020-09-05,336.55,479.71,3.81,1282.36,545.5,42.54,6,True
123,TSLA,TREND_FOLLOW,2020-09-01,2020-10-04,228.17,218.39,1.51,344.33,-14.77,-4.29,33,False
124,MSTR,TREND_FOLLOW,2020-09-03,2020-09-24,364.78,344.32,3.51,1280.32,-71.81,-5.61,21,False
125,PLTR,BREAKOUT,2020-09-05,2020-09-15,292.86,197.36,9.91,2900.83,-945.88,-32.61,10,False
126,CRWD,BREAKOUT,2020-09-07,2020-09-09,186.64,140.81,4.21,786.06,-193.05,-24.56,2,False
127,SMCI,TREND_FOLLOW,2020-09-09,2020-09-10,149.58,252.76,9.09,1360.22,938.26,68.98,1,True
128,CRWD,TREND_FOLLOW,2020-09-11,2020-09-19,89.52,90.5,1.03,91.89,1.0,1.09,8,True
129,TSLA,PULLBACK,2020-09-13,2020-10-13,293.18,275.62,8.84,2591.57,-155.17,-5.99,30,False
130,NVDA,MOMENTUM_ACCEL,2020-09-15,2020-09-16,420.09,753.11,1.34,564.9,447.81,79.27,1,True
131,SMCI,TREND_FOLLOW,2020-09-17,2020-09-19,274.78,214.24,6.31,1733.56,-381.93,-22.03,2,False
132,PLTR,MOMENTUM_ACCEL,2020-09-19,2020-10-30,300.65,270.41,9.34,2807.44,-282.34,-10.06,41,False
133,COIN,MOMENTUM_ACCEL,2020-09-21,2020-09-22,180.86,166.37,1.1,199.8,-16.0,-8.01,1,True
134,NVDA,MOMENTUM_ACCEL,2020-09-23,2020-09-25,353.81,276.19,9.32,3298.29,-723.65,-21.94,2,False
135,MSTR,BREAKOUT,2020-09-25,2020-10-27,189.71,267.83,2.27,431.29,177.6,41.18,32,True
136,MSTR,BREAKOUT,2020-09-27,2020-10-12,460.55,400.35,3.12,1437.12,-187.84,-13.07,15,False
137,AMD,BREAKOUT,2020-09-29,2020-10-25,226.69,343.66,5.92,1342.3,692.59,51.6,26,True
138,TSLA,MOMENTUM_ACCEL,2020-10-01,2020-10-20,123.91,127.53,4.8,594.99,17.37,2.92,19,True
139,COIN,PULLBACK,2020-10-03,2020-10-04,240.79,364.91,5.55,1337.41,689.34,51.54,1,True
140,PLTR,MOMENTUM_ACCEL,2020-10-05,2020-12-16,473.91,759.2,2.75,1302.85,784.31,60.2,72,True
141,NVDA,MOMENTUM_ACCEL,2020-10-07,2020-12-04,426.98,333.1,4.54,1937.83,-426.08,-21.99,58,False
142,NVDA,BREAKOUT,2020-10-09,2020-10-12,247.56,356.19,5.66,1401.06,614.82,43.88,3,True
143,NVDA,TREND_FOLLOW,2020-10-11,2020-10-29,206.76,168.53,1.54,318.98,-58.98,-18.49,18,False
144,SMCI,TREND_FOLLOW,2020-10-13,2020-12-08,391.23,327.02,3.75,1466.86,-240.73,-16.41,56,False
145,SMCI,PULLBACK,2020-10-15,2020-10-18,65.11,106.47,9.37,610.21,387.63,63.52,3,True
146,CRWD,TREND_FOLLOW,2020-10-17,2020-10-23,62.74,88.05,8.39,526.57,212.35,40.33,6,True
147,COIN,MOMENTUM_ACCEL,2020-10-19,2020-11-03,466.25,436.22,6.09,2841.77,-183.08,-6.44,15,False
148,COIN,MOMENTUM_ACCEL,2020-10-21,2020-12-28,421.43,341.66,3.6,1515.93,-286.96,-18.93,68,False
149,COIN,BREAKOUT,2020-10-23,2020-12-12,292.23,235.97,6.56,1916.67,-369.01,-19.25,50,False
150,NVDA,PULLBACK,2020-10-25,2020-11-01,376.61,293.81,3.03,1142.54,-251.21,-21.99,7,False
151,CRWD,MOMENTUM_ACCEL,2020-10-27,2020-11-04,204.53,174.27,6.26,1279.87,-189.32,-14.79,8,True
152,AMD,TREND_FOLLOW,2020-10-29,2020-11-01,419.51,381.24,7.61,3190.94,-291.13,-9.12,3,False
153,AMD,PULLBACK,2020-10-31,2020-11-25,363.37,300.49,2.22,806.81,-139.62,-17.3,25,False
154,NVDA,BREAKOUT,2020-11-02,2020-12-23,472.55,431.07,3.75,1770.43,-155.4,-8.78,51,False
155,CRWD,TREND_FOLLOW,2020-11-04,2021-01-09,363.55,319.1,4.06,1475.54,-180.42,-12.23,66,False
156,COIN,PULLBACK,2020-11-06,2020-11-12,177.93,156.77,7.85,1396.67,-166.13,-11.89,6,False
157,NVDA,BREAKOUT,2020-11-08,2020-11-29,219.02,186.49,8.85,1938.64,-287.92,-14.85,21,False
158,TSLA,TREND_FOLLOW,2020-11-10,2020-11-20,495.67,479.95,3.49,1729.31,-54.84,-3.17,10,False
159,PLTR,BREAKOUT,2020-11-12,2020-11-20,198.79,160.62,2.77,549.68,-105.54,-19.2,8,False
160,MSTR,PULLBACK,2020-11-14,2020-11-26,161.92,242.28,7.49,1213.59,602.25,49.63,12,True
161,MSTR,MOMENTUM_ACCEL,2020-11-16,2020-11-26,68.4,66.43,6.59,450.93,-12.98,-2.88,10,False
162,NVDA,TREND_FOLLOW,2020-11-18,2020-11-19,404.47,502.25,6.12,2473.33,597.93,24.18,1,True
163,NVDA,BREAKOUT,2020-11-20,2020-12-01,97.41,81.42,4.98,485.2,-79.62,-16.41,11,False
164,AMD,PULLBACK,2020-11-22,2020-11-24,134.11,115.92,1.14,152.73,-20.71,-13.56,2,False
165,MSTR,MOMENTUM_ACCEL,2020-11-24,2020-12-03,409.1,580.77,2.8,1147.33,481.44,41.96,9,True
166,NVDA,PULLBACK,2020-11-26,2020-12-07,147.74,244.27,9.42,1392.17,909.53,65.33,11,True
167,CRWD,TREND_FOLLOW,2020-11-28,2020-11-29,402.22,342.77,3.0,1208.08,-178.56,-14.78,1,False
168,AMD,MOMENTUM_ACCEL,2020-11-30,2020-12-18,134.86,126.8,6.39,861.88,-51.46,-5.97,18,False
169,TSLA,BREAKOUT,2020-12-02,2021-02-22,132.08,125.72,5.55,732.6,-35.28,-4.82,82,False
170,COIN,BREAKOUT,2020-12-04,2020-12-19,486.27,432.67,1.04,508.08,-56.01,-11.02,15,False
171,CRWD,BREAKOUT,2020-12-06,2020-12-30,421.34,361.5,8.44,3556.73,-505.14,-14.2,24,False
172,MSTR,TREND_FOLLOW,2020-12-08,2021-01-16,398.83,606.51,8.17,3257.92,1696.44,52.07,39,True
173,NVDA,MOMENTUM_ACCEL,2020-12-10,2021-01-17,92.13,74.01,1.45,133.77,-26.31,-19.67,38,False
174,AMD,TREND_FOLLOW,2020-12-12,2020-12-25,169.16,223.93,9.67,1636.32,529.76,32.38,13,True
175,SMCI,PULLBACK,2020-12-14,2020-12-22,321.57,302.21,6.1,1961.81,-118.07,-6.02,8,False
176,COIN,MOMENTUM_ACCEL,2020-12-16,2020-12-28,403.29,720.86,6.27,2526.92,1989.74,78.74,12,True
177,PLTR,BREAKOUT,2020-12-18,2020-12-30,327.79,252.28,3.01,985.42,-227.0,-23.04,12,False
178,SMCI,TREND_FOLLOW,2020-12-20,2021-02-01,102.88,88.05,3.58,368.61,-53.13,-14.41,43,False
179,AMD,TREND_FOLLOW,2020-12-22,2020-12-24,255.36,250.51,2.94,750.28,-14.26,-1.9,2,False
180,NVDA,TREND_FOLLOW,2020-12-24,2021-01-16,240.93,202.69,4.48,1079.18,-171.28,-15.87,23,False
181,AMD,TREND_FOLLOW,2020-12-26,2021-01-01,189.29,158.44,9.04,1711.42,-278.92,-16.3,6,False
182,SMCI,MOMENTUM_ACCEL,2020-12-28,2021-01-26,91.83,88.18,1.68,154.57,-6.14,-3.97,29,False
183,AMD,PULLBACK,2020-12-30,2021-01-10,171.31,308.82,2.73,467.23,375.04,80.27,11,True
184,CRWD,TREND_FOLLOW,2021-01-01,2021-01-07,236.16,226.31,4.64,1094.84,-45.62,-4.17,6,False
185,TSLA,TREND_FOLLOW,2021-01-03,2021-01-22,222.07,177.29,5.8,1287.3,-259.53,-20.16,19,False
186,SMCI,MOMENTUM_ACCEL,2021-01-05,2021-01-24,290.71,608.99,4.23,1230.37,1347.09,109.49,19,True
187,CRWD,BREAKOUT,2021-01-07,2021-01-17,162.77,201.27,6.08,988.86,233.89,23.65,10,True
188,COIN,TREND_FOLLOW,2021-01-09,2021-01-22,151.33,117.25,3.76,569.61,-128.28,-22.52,13,False
189,COIN,MOMENTUM_ACCEL,2021-01-11,2021-01-31,300.03,279.25,4.01,1202.44,-83.26,-6.92,20,False
190,COIN,MOMENTUM_ACCEL,2021-01-13,2021-01-30,366.61,314.77,7.37,2700.91,-381.96,-14.14,17,False
191,PLTR,MOMENTUM_ACCEL,2021-01-15,2021-01-16,173.75,155.37,7.9,1371.81,-145.09,-10.58,1,False
192,MSTR,TREND_FOLLOW,2021-01-17,2021-01-22,493.96,410.38,1.3,643.25,-108.85,-16.92,5,False
193,COIN,TREND_FOLLOW,2021-01-19,2021-01-26,328.28,427.89,8.24,2704.94,820.8,30.34,7,True
194,PLTR,TREND_FOLLOW,2021-01-21,2021-01-31,212.81,173.43,3.35,713.94,-132.09,-18.5,10,False
195,TSLA,PULLBACK,2021-01-23,2021-04-20,60.72,92.6,3.57,216.92,113.92,52.52,87,True
196,SMCI,TREND_FOLLOW,2021-01-25,2021-02-21,454.13,374.53,4.77,2165.33,-379.56,-17.53,27,False
197,AMD,MOMENTUM_ACCEL,2021-01-27,2021-01-30,253.64,199.05,6.53,1655.62,-356.36,-21.52,3,False
198,MSTR,BREAKOUT,2021-01-29,2021-03-11,287.78,493.47,6.06,1744.64,1246.96,71.47,41,True
199,AMD,TREND_FOLLOW,2021-01-31,2021-02-01,458.63,791.38,2.9,1328.32,963.73,72.55,1,True
200,AMD,TREND_FOLLOW,2021-02-02,2021-04-03,351.35,271.99,4.49,1577.12,-356.23,-22.59,60,False
201,PLTR,TREND_FOLLOW,2021-02-04,2021-05-10,196.85,182.47,2.16,424.9,-31.04,-7.3,95,False
202,AMD,MOMENTUM_ACCEL,2021-02-06,2021-02-09,120.77,192.89,1.14,138.19,82.52,59.72,3,True
203,NVDA,TREND_FOLLOW,2021-02-08,2021-02-16,121.06,102.8,2.82,341.12,-51.44,-15.08,8,False
204,CRWD,MOMENTUM_ACCEL,2021-02-10,2021-02-27,291.33,249.86,7.24,2108.65,-300.16,-14.23,17,False
205,TSLA,MOMENTUM_ACCEL,2021-02-12,2021-03-13,224.05,317.84,5.46,1222.98,511.92,41.86,29,True
206,MSTR,BREAKOUT,2021-02-14,2021-02-16,288.26,260.86,1.9,549.08,-52.2,-9.51,2,False
207,COIN,PULLBACK,2021-02-16,2021-02-20,157.23,125.28,7.76,1220.17,-247.92,-20.32,4,False
208,CRWD,BREAKOUT,2021-02-18,2021-02-23,84.45,101.64,2.26,190.93,38.86,20.35,5,True
209,SMCI,BREAKOUT,2021-02-20,2021-02-21,333.96,311.7,8.72,2911.75,-194.09,-6.67,1,True
210,SMCI,BREAKOUT,2021-02-22,2021-03-27,453.59,337.29,4.78,2165.96,-555.38,-25.64,33,False
211,COIN,MOMENTUM_ACCEL,2021-02-24,2021-02-25,497.4,466.84,4.17,2075.1,-127.51,-6.14,1,False
212,MSTR,PULLBACK,2021-02-26,2021-03-20,158.17,136.66,5.24,828.4,-112.67,-13.6,22,False
213,CRWD,BREAKOUT,2021-02-28,2021-03-10,445.37,475.04,1.7,758.97,50.56,6.66,10,True
214,CRWD,PULLBACK,2021-03-02,2021-03-29,354.31,276.2,3.72,1317.87,-290.53,-22.05,27,False
215,CRWD,BREAKOUT,2021-03-04,2021-03-05,51.74,63.74,1.77,91.45,21.21,23.2,1,True
216,PLTR,MOMENTUM_ACCEL,2021-03-06,2021-03-09,247.72,216.4,6.44,1595.86,-201.78,-12.64,3,False
217,NVDA,BREAKOUT,2021-03-08,2021-04-25,394.77,654.59,1.11,436.83,287.5,65.81,48,True
218,MSTR,BREAKOUT,2021-03-10,2021-03-18,452.63,603.62,2.13,965.94,322.21,33.36,8,True
219,NVDA,TREND_FOLLOW,2021-03-12,2021-06-20,499.02,438.9,7.4,3693.39,-444.94,-12.05,100,False
220,PLTR,MOMENTUM_ACCEL,2021-03-14,2021-03-15,387.16,425.51,5.22,2019.33,200.02,9.91,1,False
221,MSTR,TREND_FOLLOW,2021-03-16,2021-04-02,357.65,672.14,2.74,979.7,861.5,87.93,17,True
222,TSLA,TREND_FOLLOW,2021-03-18,2021-04-21,173.28,163.1,2.66,460.16,-27.02,-5.87,34,False
223,NVDA,TREND_FOLLOW,2021-03-20,2021-03-21,327.38,263.74,7.06,2311.29,-449.28,-19.44,1,False
224,COIN,PULLBACK,2021-03-22,2021-04-23,433.2,353.84,1.84,797.88,-146.16,-18.32,32,False
225,AMD,MOMENTUM_ACCEL,2021-03-24,2021-03-27,214.62,286.58,8.63,1852.25,621.07,33.53,3,True
226,TSLA,PULLBACK,2021-03-26,2021-05-19,423.9,389.82,3.39,1437.37,-115.56,-8.04,54,False
227,NVDA,BREAKOUT,2021-03-28,2021-04-01,234.68,201.03,8.16,1915.8,-274.64,-14.34,4,False
228,MSTR,MOMENTUM_ACCEL,2021-03-30,2021-05-04,289.48,263.3,2.58,746.93,-67.55,-9.04,35,False
229,SMCI,TREND_FOLLOW,2021-04-01,2021-04-21,275.27,388.36,1.87,516.04,212.01,41.08,20,True
230,SMCI,PULLBACK,2021-04-03,2021-04-11,184.46,166.97,3.58,660.74,-62.65,-9.48,8,False
231,MSTR,BREAKOUT,2021-04-05,2021-05-26,475.05,446.12,5.04,2392.48,-145.69,-6.09,51,False
232,CRWD,TREND_FOLLOW,2021-04-07,2021-05-14,230.85,192.56,2.31,533.04,-88.41,-16.59,37,False
233,PLTR,BREAKOUT,2021-04-09,2021-04-30,104.4,86.6,1.99,207.4,-35.36,-17.05,21,False
234,MSTR,BREAKOUT,2021-04-11,2021-04-15,272.3,258.85,7.4,2015.97,-99.56,-4.94,4,False
235,NVDA,MOMENTUM_ACCEL,2021-04-13,2021-05-04,324.4,308.8,8.54,2771.02,-133.29,-4.81,21,False
236,NVDA,MOMENTUM_ACCEL,2021-04-15,2021-04-25,53.66,45.43,4.61,247.62,-37.96,-15.33,10,False
237,TSLA,PULLBACK,2021-04-17,2021-04-29,222.51,205.48,1.17,261.22,-19.98,-7.65,12,False
238,COIN,BREAKOUT,2021-04-19,2021-04-20,66.88,92.69,2.64,176.78,68.21,38.59,1,True
239,NVDA,MOMENTUM_ACCEL,2021-04-21,2021-04-26,350.3,315.97,2.87,1005.08,-98.48,-9.8,5,False
240,AMD,MOMENTUM_ACCEL,2021-04-23,2021-04-24,369.61,311.21,7.95,2937.71,-464.21,-15.8,1,False
241,AMD,TREND_FOLLOW,2021-04-25,2021-05-03,291.39,283.77,3.73,1087.5,-28.41,-2.61,8,False
242,AMD,MOMENTUM_ACCEL,2021-04-27,2021-08-11,439.84,648.14,8.66,3808.85,1803.78,47.36,106,True
243,COIN,TREND_FOLLOW,2021-04-29,2021-05-13,192.11,182.27,4.05,777.89,-39.84,-5.12,14,False
244,PLTR,MOMENTUM_ACCEL,2021-05-01,2021-05-27,343.16,293.57,6.43,2205.0,-318.63,-14.45,26,False
245,PLTR,BREAKOUT,2021-05-03,2021-05-31,253.68,243.71,1.93,489.18,-19.23,-3.93,28,False
246,AMD,PULLBACK,2021-05-05,2021-05-08,326.26,282.95,6.13,1999.08,-265.37,-13.27,3,False
247,MSTR,BREAKOUT,2021-05-07,2021-05-24,414.87,421.88,9.6,3981.84,67.32,1.69,17,False
248,PLTR,PULLBACK,2021-05-09,2021-05-28,348.39,508.9,9.83,3425.65,1578.36,46.07,19,True
249,TSLA,MOMENTUM_ACCEL,2021-05-11,2021-05-17,136.99,108.78,8.4,1151.27,-237.08,-20.59,6,False
250,SMCI,MOMENTUM_ACCEL,2021-05-13,2021-05-23,472.09,379.48,8.45,3988.17,-782.38,-19.62,10,False
251,PLTR,MOMENTUM_ACCEL,2021-05-15,2021-06-15,353.28,358.7,6.4,2261.57,34.67,1.53,31,False
252,NVDA,TREND_FOLLOW,2021-05-17,2021-06-01,492.84,484.71,4.26,2098.61,-34.62,-1.65,15,True
253,MSTR,BREAKOUT,2021-05-19,2021-05-24,343.54,333.83,6.55,2250.04,-63.64,-2.83,5,False
254,MSTR,MOMENTUM_ACCEL,2021-05-21,2021-06-17,134.31,239.43,5.67,762.06,596.43,78.26,27,True
255,TSLA,PULLBACK,2021-05-23,2021-05-24,491.36,918.59,3.22,1580.87,1374.54,86.95,1,True
256,MSTR,TREND_FOLLOW,2021-05-25,2021-08-03,181.85,158.97,4.29,779.92,-98.15,-12.58,70,False
257,MSTR,MOMENTUM_ACCEL,2021-05-27,2021-06-14,347.57,333.54,7.82,2716.38,-109.6,-4.03,18,False
258,TSLA,PULLBACK,2021-05-29,2021-05-30,387.25,547.91,1.93,745.56,309.31,41.49,1,True
259,AMD,MOMENTUM_ACCEL,2021-05-31,2021-06-04,203.57,335.34,9.11,1853.93,1200.02,64.73,4,True
260,CRWD,PULLBACK,2021-06-02,2021-09-06,262.06,219.48,9.09,2382.33,-387.07,-16.25,96,False
261,MSTR,BREAKOUT,2021-06-04,2021-07-09,325.7,439.61,3.55,1157.7,404.88,34.97,35,True
262,COIN,TREND_FOLLOW,2021-06-06,2021-06-10,246.62,207.62,8.68,2140.9,-338.61,-15.82,4,False
263,COIN,PULLBACK,2021-06-08,2021-07-14,115.02,92.37,4.25,489.32,-96.33,-19.69,36,True
264,AMD,MOMENTUM_ACCEL,2021-06-10,2021-06-14,407.0,358.66,1.41,574.93,-68.28,-11.88,4,False
265,PLTR,MOMENTUM_ACCEL,2021-06-12,2021-06-14,196.01,193.63,8.42,1650.48,-20.0,-1.21,2,False
266,TSLA,TREND_FOLLOW,2021-06-14,2021-06-25,317.56,279.18,4.38,1389.33,-167.9,-12.08,11,False
267,MSTR,PULLBACK,2021-06-16,2021-06-27,259.08,463.27,3.2,829.09,653.43,78.81,11,True
268,CRWD,PULLBACK,2021-06-18,2021-07-13,61.46,43.79,8.92,547.92,-157.54,-28.75,25,False
269,PLTR,PULLBACK,2021-06-20,2021-06-29,277.05,436.91,8.04,2227.96,1285.52,57.7,9,True
270,COIN,MOMENTUM_ACCEL,2021-06-22,2021-07-12,208.53,349.71,9.48,1977.68,1338.92,67.7,20,True
271,COIN,BREAKOUT,2021-06-24,2021-06-30,488.61,589.87,2.72,1330.87,275.82,20.72,6,True
272,MSTR,MOMENTUM_ACCEL,2021-06-26,2021-07-04,80.74,84.81,2.05,165.16,8.31,5.03,8,False
273,PLTR,TREND_FOLLOW,2021-06-28,2021-07-12,277.09,227.96,2.56,708.75,-125.68,-17.73,14,False
274,COIN,BREAKOUT,2021-06-30,2021-08-01,147.44,135.6,3.22,474.49,-38.11,-8.03,32,False
275,NVDA,BREAKOUT,2021-07-02,2021-07-05,277.6,220.81,5.45,1512.56,-309.41,-20.46,3,False
276,AMD,PULLBACK,2021-07-04,2021-07-05,462.2,267.63,5.43,2510.16,-1056.68,-42.1,1,False
277,COIN,BREAKOUT,2021-07-06,2021-07-12,214.11,208.0,6.39,1367.33,-39.06,-2.86,6,False
278,COIN,TREND_FOLLOW,2021-07-08,2021-08-13,234.35,209.98,3.01,704.54,-73.25,-10.4,36,False
279,TSLA,PULLBACK,2021-07-10,2021-07-11,393.45,374.3,5.91,2327.02,-113.25,-4.87,1,False
280,MSTR,PULLBACK,2021-07-12,2021-07-21,148.51,237.31,7.78,1155.08,690.66,59.79,9,True
281,AMD,PULLBACK,2021-07-14,2021-07-19,463.14,497.96,2.34,1085.18,81.58,7.52,5,False
282,TSLA,PULLBACK,2021-07-16,2021-07-26,456.78,452.55,9.92,4529.61,-41.98,-0.93,10,False
283,TSLA,MOMENTUM_ACCEL,2021-07-18,2021-07-26,338.37,601.72,3.98,1345.09,1046.85,77.83,8,True
284,TSLA,TREND_FOLLOW,2021-07-20,2021-08-03,491.98,561.55,8.02,3947.3,558.13,14.14,14,True
285,COIN,TREND_FOLLOW,2021-07-22,2021-11-26,126.77,100.29,7.84,994.33,-207.72,-20.89,127,False
286,NVDA,PULLBACK,2021-07-24,2021-07-29,360.78,508.37,7.06,2548.12,1042.44,40.91,5,True
287,TSLA,MOMENTUM_ACCEL,2021-07-26,2021-08-30,496.7,479.97,9.99,4959.87,-167.05,-3.37,35,False
288,TSLA,BREAKOUT,2021-07-28,2021-08-12,246.84,201.39,5.43,1340.77,-246.86,-18.41,15,False
289,SMCI,PULLBACK,2021-07-30,2021-08-21,365.08,534.16,4.32,1577.41,730.54,46.31,22,True
290,COIN,PULLBACK,2021-08-01,2021-08-11,469.78,654.86,5.75,2699.77,1063.63,39.4,10,True
291,AMD,BREAKOUT,2021-08-03,2021-08-13,228.72,442.76,8.27,1890.83,1769.42,93.58,10,True
292,NVDA,BREAKOUT,2021-08-05,2021-08-15,138.15,151.04,9.08,1254.56,117.01,9.33,10,True
293,NVDA,MOMENTUM_ACCEL,2021-08-07,2021-09-13,303.32,266.01,4.73,1433.52,-176.31,-12.3,37,False
294,SMCI,MOMENTUM_ACCEL,2021-08-09,2021-09-02,490.26,654.78,4.2,2058.33,690.73,33.56,24,True
295,AMD,MOMENTUM_ACCEL,2021-08-11,2021-08-19,273.81,349.9,8.41,2301.73,639.6,27.79,8,True
296,COIN,PULLBACK,2021-08-13,2021-08-18,465.59,445.07,4.23,1967.85,-86.74,-4.41,5,False
297,TSLA,MOMENTUM_ACCEL,2021-08-15,2021-08-27,283.58,265.05,7.41,2100.45,-137.19,-6.53,12,False
298,SMCI,MOMENTUM_ACCEL,2021-08-17,2021-08-18,84.42,72.21,7.93,669.01,-96.76,-14.46,1,False
299,SMCI,BREAKOUT,2021-08-19,2021-08-23,148.25,121.62,7.02,1040.18,-186.87,-17.97,4,False
300,AMD,BREAKOUT,2021-08-21,2021-10-12,422.18,446.15,3.49,1473.67,83.69,5.68,52,False
301,PLTR,TREND_FOLLOW,2021-08-23,2021-09-02,461.52,378.83,6.54,3019.39,-540.98,-17.92,10,False
302,NVDA,TREND_FOLLOW,2021-08-25,2021-09-07,220.7,189.54,8.89,1962.42,-277.07,-14.12,13,False
303,COIN,MOMENTUM_ACCEL,2021-08-27,2021-08-28,498.52,817.2,2.61,1302.94,832.9,63.92,1,True
304,AMD,BREAKOUT,2021-08-29,2021-10-07,144.81,131.76,1.01,146.64,-13.21,-9.01,39,False
305,PLTR,BREAKOUT,2021-08-31,2021-09-05,107.09,135.29,1.88,201.24,53.0,26.34,5,True
306,AMD,TREND_FOLLOW,2021-09-02,2021-09-20,251.65,213.24,6.6,1661.83,-253.63,-15.26,18,False
307,CRWD,BREAKOUT,2021-09-04,2021-09-18,70.58,123.81,9.72,685.87,517.25,75.42,14,True
308,COIN,TREND_FOLLOW,2021-09-06,2021-09-12,315.2,291.2,9.19,2896.3,-220.52,-7.61,6,False
309,AMD,BREAKOUT,2021-09-08,2021-09-10,377.5,270.81,3.53,1330.75,-376.12,-28.26,2,False
310,PLTR,MOMENTUM_ACCEL,2021-09-10,2021-09-13,338.03,319.96,6.93,2343.92,-125.33,-5.35,3,False
311,NVDA,PULLBACK,2021-09-12,2021-09-20,379.19,438.75,3.58,1356.87,213.11,15.71,8,True
312,MSTR,TREND_FOLLOW,2021-09-14,2021-09-29,241.12,240.21,7.54,1817.87,-6.84,-0.38,15,True
313,PLTR,PULLBACK,2021-09-16,2021-09-17,461.8,383.0,6.25,2884.07,-492.16,-17.06,1,False
314,AMD,PULLBACK,2021-09-18,2021-09-24,424.39,573.7,6.43,2728.14,959.86,35.18,6,True
315,TSLA,PULLBACK,2021-09-20,2021-09-24,314.44,261.97,5.0,1573.3,-262.54,-16.69,4,False
316,TSLA,MOMENTUM_ACCEL,2021-09-22,2021-10-04,312.36,549.67,6.04,1885.36,1432.4,75.97,12,True
317,PLTR,PULLBACK,2021-09-24,2021-09-29,174.79,140.69,7.8,1362.69,-265.8,-19.51,5,False
318,PLTR,MOMENTUM_ACCEL,2021-09-26,2021-10-03,195.38,173.15,3.73,728.25,-82.86,-11.38,7,False
319,MSTR,TREND_FOLLOW,2021-09-28,2021-10-24,375.57,398.49,3.86,1451.29,88.57,6.1,26,False
320,NVDA,MOMENTUM_ACCEL,2021-09-30,2021-11-16,476.17,412.71,8.06,3840.06,-511.75,-13.33,47,False
321,NVDA,BREAKOUT,2021-10-02,2021-10-04,230.27,194.2,2.97,684.42,-107.21,-15.66,2,False
322,PLTR,BREAKOUT,2021-10-04,2021-10-21,130.4,163.23,4.32,562.89,141.68,25.17,17,True
323,PLTR,PULLBACK,2021-10-06,2021-10-28,454.19,401.04,6.43,2919.64,-341.64,-11.7,22,False
324,CRWD,PULLBACK,2021-10-08,2021-10-27,91.29,73.99,7.51,685.7,-130.0,-18.96,19,False
325,SMCI,MOMENTUM_ACCEL,2021-10-10,2021-10-16,395.24,333.09,2.46,971.23,-152.72,-15.72,6,False
326,TSLA,PULLBACK,2021-10-12,2021-10-29,384.04,337.16,2.4,922.19,-112.58,-12.21,17,False
327,MSTR,PULLBACK,2021-10-14,2021-10-19,181.83,125.64,7.9,1436.67,-443.99,-30.9,5,False
328,CRWD,TREND_FOLLOW,2021-10-16,2021-10-17,107.77,96.68,7.62,821.25,-84.52,-10.29,1,False
329,COIN,BREAKOUT,2021-10-18,2021-11-29,322.65,270.91,1.5,484.15,-77.65,-16.04,42,False
330,COIN,TREND_FOLLOW,2021-10-20,2021-10-30,95.14,160.8,5.38,512.33,353.53,69.0,10,True
331,PLTR,TREND_FOLLOW,2021-10-22,2021-10-30,143.64,200.89,1.61,230.71,91.96,39.86,8,True
332,AMD,TREND_FOLLOW,2021-10-24,2021-10-25,153.1,115.09,9.37,1434.74,-356.21,-24.83,1,False
333,COIN,BREAKOUT,2021-10-26,2021-10-28,206.82,147.69,3.19,659.47,-188.55,-28.59,2,False
334,PLTR,PULLBACK,2021-10-28,2021-11-28,290.7,295.12,2.27,661.18,10.06,1.52,31,False
335,PLTR,PULLBACK,2021-10-30,2021-11-02,336.75,263.65,8.52,2868.62,-622.75,-21.71,3,False
336,MSTR,PULLBACK,2021-11-01,2021-11-03,405.78,384.91,3.36,1365.12,-70.19,-5.14,2,False
337,CRWD,PULLBACK,2021-11-03,2021-11-11,181.85,135.88,9.99,1816.74,-459.23,-25.28,8,False
338,CRWD,MOMENTUM_ACCEL,2021-11-05,2021-11-30,117.17,94.58,6.17,722.42,-139.29,-19.28,25,False
339,AMD,TREND_FOLLOW,2021-11-07,2021-11-11,380.33,658.44,4.33,1647.59,1204.77,73.12,4,True
340,TSLA,MOMENTUM_ACCEL,2021-11-09,2021-11-14,350.76,303.58,2.84,995.41,-133.89,-13.45,5,False
341,PLTR,TREND_FOLLOW,2021-11-11,2021-11-17,126.21,127.6,5.21,657.09,7.19,1.09,6,True
342,NVDA,TREND_FOLLOW,2021-11-13,2021-11-24,412.61,529.73,2.21,913.86,259.38,28.38,11,True
343,COIN,TREND_FOLLOW,2021-11-15,2021-11-19,276.2,411.83,6.69,1847.55,907.24,49.11,4,True
344,MSTR,BREAKOUT,2021-11-17,2021-12-10,72.96,67.47,8.75,638.14,-48.0,-7.52,23,False
345,AMD,BREAKOUT,2021-11-19,2022-01-05,245.83,219.81,1.88,462.36,-48.94,-10.59,47,False
346,COIN,PULLBACK,2021-11-21,2021-11-26,242.16,187.0,9.04,2188.3,-498.47,-22.78,5,False
347,COIN,PULLBACK,2021-11-23,2021-12-18,156.89,137.17,3.16,495.12,-62.22,-12.57,25,False
348,PLTR,PULLBACK,2021-11-25,2021-11-29,321.06,306.82,1.78,570.72,-25.31,-4.43,4,False
349,PLTR,BREAKOUT,2021-11-27,2022-01-11,342.73,472.81,2.52,863.8,327.86,37.96,45,True
350,COIN,BREAKOUT,2021-11-29,2021-12-02,335.78,308.42,3.9,1308.41,-106.62,-8.15,3,False
351,CRWD,MOMENTUM_ACCEL,2021-12-01,2021-12-06,373.89,330.58,2.89,1082.38,-125.37,-11.58,5,False
352,TSLA,PULLBACK,2021-12-03,2022-02-08,472.14,645.38,7.99,3773.2,1384.57,36.69,67,True
353,SMCI,MOMENTUM_ACCEL,2021-12-05,2021-12-12,114.46,98.81,6.3,720.77,-98.57,-13.68,7,False
354,NVDA,PULLBACK,2021-12-07,2022-01-05,329.44,311.96,8.93,2942.77,-156.16,-5.31,29,False
355,TSLA,TREND_FOLLOW,2021-12-09,2021-12-17,420.57,374.51,2.06,866.88,-94.94,-10.95,8,False
356,TSLA,BREAKOUT,2021-12-11,2022-02-18,300.87,383.0,9.92,2984.33,814.71,27.3,69,True
357,CRWD,BREAKOUT,2021-12-13,2022-03-12,74.27,90.5,1.05,77.91,17.02,21.84,89,True
358,CRWD,BREAKOUT,2021-12-15,2021-12-19,149.71,156.86,9.94,1488.85,71.05,4.77,4,False
359,SMCI,PULLBACK,2021-12-17,2021-12-30,315.57,279.33,6.11,1927.98,-221.45,-11.49,13,False
360,PLTR,BREAKOUT,2021-12-19,2022-01-17,436.61,725.24,4.15,1810.57,1196.89,66.11,29,True
361,COIN,BREAKOUT,2021-12-21,2021-12-25,456.52,394.58,9.9,4517.61,-612.98,-13.57,4,False
362,MSTR,PULLBACK,2021-12-23,2022-01-20,480.21,391.34,6.35,3048.63,-564.21,-18.51,28,False
363,SMCI,TREND_FOLLOW,2021-12-25,2022-02-01,136.64,121.4,3.2,437.41,-48.79,-11.15,38,False
364,TSLA,TREND_FOLLOW,2021-12-27,2022-01-12,229.89,289.43,5.64,1295.46,335.5,25.9,16,True
365,CRWD,MOMENTUM_ACCEL,2021-12-29,2022-01-07,86.79,76.66,8.59,745.78,-87.08,-11.68,9,True
366,NVDA,PULLBACK,2021-12-31,2022-02-02,464.3,389.46,6.45,2996.62,-483.01,-16.12,33,False
367,PLTR,TREND_FOLLOW,2022-01-02,2022-01-09,55.36,91.13,6.74,372.94,240.94,64.61,7,True
368,AMD,TREND_FOLLOW,2022-01-04,2022-01-12,440.55,429.76,9.35,4121.17,-100.9,-2.45,8,True
369,NVDA,TREND_FOLLOW,2022-01-06,2022-01-16,442.7,306.77,2.97,1315.72,-403.99,-30.71,10,False
370,TSLA,MOMENTUM_ACCEL,2022-01-08,2022-01-19,135.9,119.77,4.85,658.86,-78.19,-11.87,11,False
371,TSLA,MOMENTUM_ACCEL,2022-01-10,2022-01-16,470.53,658.98,8.22,3866.49,1548.59,40.05,6,True
372,MSTR,BREAKOUT,2022-01-12,2022-02-17,135.76,225.0,4.29,581.84,382.46,65.73,36,True
373,CRWD,MOMENTUM_ACCEL,2022-01-14,2022-01-19,194.67,166.62,5.67,1103.52,-159.01,-14.41,5,False
374,PLTR,TREND_FOLLOW,2022-01-16,2022-02-02,286.17,252.9,8.01,2291.68,-266.49,-11.63,17,False
375,TSLA,TREND_FOLLOW,2022-01-18,2022-01-23,367.18,322.8,4.75,1742.76,-210.64,-12.09,5,False
376,MSTR,MOMENTUM_ACCEL,2022-01-20,2022-02-01,419.57,725.53,4.98,2090.74,1524.63,72.92,12,True
377,TSLA,BREAKOUT,2022-01-22,2022-02-08,92.89,72.18,3.25,301.43,-67.19,-22.29,17,False
378,NVDA,TREND_FOLLOW,2022-01-24,2022-02-10,190.58,147.43,5.92,1127.67,-255.34,-22.64,17,False
379,AMD,TREND_FOLLOW,2022-01-26,2022-02-07,232.79,318.71,7.38,1718.37,634.26,36.91,12,True
380,CRWD,TREND_FOLLOW,2022-01-28,2022-03-07,140.64,122.57,6.95,977.69,-125.63,-12.85,38,False
381,SMCI,MOMENTUM_ACCEL,2022-01-30,2022-02-02,388.04,452.0,7.94,3079.79,507.64,16.48,3,True
382,AMD,MOMENTUM_ACCEL,2022-02-01,2022-02-13,365.38,322.59,4.54,1658.6,-194.24,-11.71,12,False
383,CRWD,PULLBACK,2022-02-03,2022-02-08,328.66,509.81,2.14,703.23,387.61,55.12,5,True
384,AMD,PULLBACK,2022-02-05,2022-02-13,204.38,161.12,1.72,351.26,-74.35,-21.17,8,False
385,AMD,TREND_FOLLOW,2022-02-07,2022-04-19,330.73,512.65,6.59,2178.27,1198.2,55.01,71,True
386,COIN,PULLBACK,2022-02-09,2022-02-10,339.75,276.31,4.19,1421.97,-265.51,-18.67,1,False
387,AMD,BREAKOUT,2022-02-11,2022-02-18,342.01,571.19,1.33,453.49,303.88,67.01,7,True
388,AMD,TREND_FOLLOW,2022-02-13,2022-02-14,479.47,358.64,3.33,1595.39,-402.07,-25.2,1,False
389,COIN,BREAKOUT,2022-02-15,2022-03-01,85.95,115.13,1.48,127.58,43.33,33.96,14,True
390,CRWD,BREAKOUT,2022-02-17,2022-03-08,493.22,419.69,8.41,4146.99,-618.21,-14.91,19,False
391,MSTR,TREND_FOLLOW,2022-02-19,2022-02-22,54.48,49.73,7.18,390.99,-34.04,-8.71,3,False
392,AMD,TREND_FOLLOW,2022-02-21,2022-04-01,320.02,447.95,3.5,1121.61,448.4,39.98,39,True
393,COIN,TREND_FOLLOW,2022-02-23,2022-02-28,261.82,418.22,5.8,1519.81,907.85,59.73,5,True
394,NVDA,MOMENTUM_ACCEL,2022-02-25,2022-04-11,388.45,607.29,5.59,2169.93,1222.42,56.33,45,True
395,MSTR,PULLBACK,2022-02-27,2022-04-08,386.9,360.99,4.51,1745.96,-116.93,-6.7,40,False
396,COIN,TREND_FOLLOW,2022-03-01,2022-04-25,468.63,793.21,4.81,2252.86,1560.39,69.26,55,True
397,MSTR,BREAKOUT,2022-03-03,2022-03-04,78.58,82.21,8.16,640.95,29.63,4.62,1,False
398,SMCI,PULLBACK,2022-03-05,2022-03-09,223.54,241.76,5.41,1210.09,98.62,8.15,4,False
399,MSTR,MOMENTUM_ACCEL,2022-03-07,2022-03-09,410.65,376.03,3.66,1501.05,-126.56,-8.43,2,False
400,CRWD,MOMENTUM_ACCEL,2022-03-09,2022-03-14,52.0,46.51,5.31,276.2,-29.16,-10.56,5,False
401,COIN,PULLBACK,2022-03-11,2022-03-17,130.87,228.61,1.01,131.62,98.3,74.68,6,True
402,COIN,PULLBACK,2022-03-13,2022-03-20,487.65,370.41,2.86,1392.9,-334.86,-24.04,7,False
403,COIN,TREND_FOLLOW,2022-03-15,2022-04-22,219.85,209.71,8.23,1809.01,-83.49,-4.62,38,False
404,AMD,TREND_FOLLOW,2022-03-17,2022-04-08,386.56,567.46,7.13,2756.72,1290.05,46.8,22,True
405,AMD,TREND_FOLLOW,2022-03-19,2022-03-20,282.43,217.65,2.84,801.42,-183.8,-22.93,1,False
406,AMD,PULLBACK,2022-03-21,2022-03-24,229.27,358.31,7.36,1687.68,949.85,56.28,3,True
407,PLTR,MOMENTUM_ACCEL,2022-03-23,2022-04-21,173.36,141.64,7.64,1323.86,-242.23,-18.3,29,False
408,TSLA,PULLBACK,2022-03-25,2022-03-29,117.26,193.69,4.59,537.76,350.49,65.18,4,True
409,NVDA,BREAKOUT,2022-03-27,2022-04-02,398.48,619.64,9.18,3658.35,2030.5,55.5,6,True
410,NVDA,PULLBACK,2022-03-29,2022-04-11,165.21,125.84,1.29,213.71,-50.93,-23.83,13,False
411,SMCI,MOMENTUM_ACCEL,2022-03-31,2022-04-01,204.25,311.25,5.56,1135.71,594.99,52.39,1,True
412,PLTR,BREAKOUT,2022-04-02,2022-05-22,171.08,157.08,9.3,1591.58,-130.17,-8.18,50,False
413,PLTR,PULLBACK,2022-04-04,2022-05-20,147.05,189.97,1.02,149.26,43.57,29.19,46,True
414,CRWD,PULLBACK,2022-04-06,2022-04-09,460.43,495.74,4.6,2115.7,162.23,7.67,3,False
415,AMD,MOMENTUM_ACCEL,2022-04-08,2022-04-22,409.28,703.76,1.95,796.98,573.41,71.95,14,True
416,AMD,TREND_FOLLOW,2022-04-10,2022-05-09,468.34,370.06,4.96,2324.85,-487.88,-20.99,29,False
417,MSTR,BREAKOUT,2022-04-12,2022-05-10,190.39,176.22,9.41,1791.35,-133.35,-7.44,28,False
418,TSLA,BREAKOUT,2022-04-14,2022-04-22,175.03,161.38,8.59,1503.53,-117.3,-7.8,8,False
419,CRWD,BREAKOUT,2022-04-16,2022-04-21,358.99,282.17,8.09,2905.48,-621.75,-21.4,5,False
420,PLTR,BREAKOUT,2022-04-18,2022-05-04,494.28,435.89,4.55,2248.34,-265.6,-11.81,16,False
421,SMCI,TREND_FOLLOW,2022-04-20,2022-05-08,209.59,177.88,3.69,774.1,-117.09,-15.13,18,False
422,SMCI,BREAKOUT,2022-04-22,2022-07-01,447.83,830.92,4.12,1843.88,1577.36,85.55,70,True
423,CRWD,TREND_FOLLOW,2022-04-24,2022-05-21,337.58,279.07,4.19,1413.74,-245.04,-17.33,27,False
424,CRWD,MOMENTUM_ACCEL,2022-04-26,2022-05-31,180.29,162.41,9.88,1780.66,-176.54,-9.91,35,False
425,PLTR,PULLBACK,2022-04-28,2022-07-08,244.71,188.7,6.9,1687.46,-386.28,-22.89,71,False
426,TSLA,TREND_FOLLOW,2022-04-30,2022-05-12,400.58,467.02,2.33,935.03,155.08,16.59,12,True
427,CRWD,BREAKOUT,2022-05-02,2022-05-11,271.35,242.57,7.25,1968.07,-208.69,-10.6,9,False
428,TSLA,BREAKOUT,2022-05-04,2022-05-13,486.57,397.57,8.38,4077.26,-745.79,-18.29,9,False
429,COIN,TREND_FOLLOW,2022-05-06,2022-05-12,423.08,460.15,4.51,1908.58,167.22,8.76,6,True
430,NVDA,TREND_FOLLOW,2022-05-08,2022-05-28,374.29,365.73,1.36,507.29,-11.6,-2.29,20,False
431,AMD,TREND_FOLLOW,2022-05-10,2022-05-20,433.62,409.3,2.09,907.05,-50.87,-5.61,10,False
432,PLTR,PULLBACK,2022-05-12,2022-05-24,262.05,220.55,5.69,1492.33,-236.3,-15.83,12,False
433,AMD,PULLBACK,2022-05-14,2022-05-24,287.5,403.09,9.18,2639.02,1061.01,40.2,10,True
434,TSLA,BREAKOUT,2022-05-16,2022-06-13,468.46,386.32,9.61,4503.93,-789.7,-17.53,28,False
435,NVDA,MOMENTUM_ACCEL,2022-05-18,2022-06-04,390.02,656.47,3.37,1314.99,898.36,68.32,17,True
436,COIN,TREND_FOLLOW,2022-05-20,2022-05-25,283.54,219.21,5.71,1620.19,-367.62,-22.69,5,False
437,SMCI,BREAKOUT,2022-05-22,2022-07-21,103.87,84.74,1.21,125.57,-23.13,-18.42,60,True
438,MSTR,BREAKOUT,2022-05-24,2022-06-09,229.79,168.99,5.3,1217.39,-322.13,-26.46,16,False
439,SMCI,PULLBACK,2022-05-26,2022-07-22,80.04,68.17,9.08,726.68,-107.77,-14.83,57,False
440,SMCI,TREND_FOLLOW,2022-05-28,2022-06-07,68.74,67.68,7.09,487.24,-7.54,-1.55,10,False
441,CRWD,BREAKOUT,2022-05-30,2022-06-25,445.96,643.58,6.86,3057.37,1354.79,44.31,26,True
442,PLTR,TREND_FOLLOW,2022-06-01,2022-06-09,142.08,137.62,1.94,275.31,-8.65,-3.14,8,False
443,CRWD,BREAKOUT,2022-06-03,2022-06-16,405.66,350.1,3.04,1234.56,-169.1,-13.7,13,True
444,CRWD,PULLBACK,2022-06-05,2022-07-01,397.92,395.81,8.65,3442.34,-18.25,-0.53,26,False
445,TSLA,TREND_FOLLOW,2022-06-07,2022-06-08,482.69,382.44,1.5,725.99,-150.79,-20.77,1,False
446,PLTR,TREND_FOLLOW,2022-06-09,2022-06-21,486.68,571.05,2.13,1038.45,180.0,17.33,12,True
447,AMD,BREAKOUT,2022-06-11,2022-06-18,268.1,231.92,2.13,570.44,-76.97,-13.49,7,False
448,SMCI,PULLBACK,2022-06-13,2022-07-25,278.34,482.77,1.66,460.77,338.42,73.44,42,True
449,PLTR,TREND_FOLLOW,2022-06-15,2022-08-24,153.48,145.3,1.22,187.17,-9.98,-5.33,70,False
450,MSTR,MOMENTUM_ACCEL,2022-06-17,2022-07-01,356.59,286.54,2.78,989.67,-194.42,-19.64,14,False
451,TSLA,MOMENTUM_ACCEL,2022-06-19,2022-07-09,182.47,151.81,6.3,1149.45,-193.1,-16.8,20,False
452,SMCI,MOMENTUM_ACCEL,2022-06-21,2022-06-22,285.74,275.69,4.81,1375.73,-48.39,-3.52,1,False
453,CRWD,PULLBACK,2022-06-23,2022-06-30,61.25,90.57,5.56,340.86,163.18,47.87,7,True
454,COIN,TREND_FOLLOW,2022-06-25,2022-07-31,251.34,400.65,3.51,882.5,524.26,59.41,36,True
455,AMD,MOMENTUM_ACCEL,2022-06-27,2022-08-14,64.91,55.52,6.67,432.86,-62.61,-14.46,48,False
456,NVDA,PULLBACK,2022-06-29,2022-07-09,488.8,426.01,7.47,3649.3,-468.77,-12.85,10,False
457,PLTR,BREAKOUT,2022-07-01,2022-08-28,79.89,64.62,4.08,325.9,-62.28,-19.11,58,False
458,COIN,TREND_FOLLOW,2022-07-03,2022-07-14,94.2,83.35,2.56,240.93,-27.75,-11.52,11,False
459,PLTR,TREND_FOLLOW,2022-07-05,2022-07-12,392.91,304.07,5.69,2236.9,-505.8,-22.61,7,False
460,TSLA,MOMENTUM_ACCEL,2022-07-07,2022-07-08,105.73,109.56,8.84,935.14,33.87,3.62,1,False
461,NVDA,MOMENTUM_ACCEL,2022-07-09,2022-07-17,454.86,755.39,8.0,3637.31,2403.23,66.07,8,True
462,MSTR,PULLBACK,2022-07-11,2022-07-18,427.94,365.33,2.62,1122.43,-164.23,-14.63,7,False
463,MSTR,BREAKOUT,2022-07-13,2022-07-23,450.26,383.99,3.64,1638.28,-241.13,-14.72,10,False
464,NVDA,PULLBACK,2022-07-15,2022-09-28,143.73,133.29,2.41,346.76,-25.18,-7.26,75,False
465,PLTR,BREAKOUT,2022-07-17,2022-09-18,438.52,413.22,9.48,4157.89,-239.89,-5.77,63,False
466,PLTR,PULLBACK,2022-07-19,2022-07-20,237.93,218.2,7.99,1899.98,-157.55,-8.29,1,False
467,MSTR,MOMENTUM_ACCEL,2022-07-21,2022-09-23,421.78,416.92,5.63,2375.73,-27.41,-1.15,64,False
468,TSLA,PULLBACK,2022-07-23,2022-08-01,185.83,166.01,5.06,940.98,-100.35,-10.66,9,False
469,COIN,BREAKOUT,2022-07-25,2022-08-17,498.58,452.76,9.34,4657.46,-428.07,-9.19,23,False
470,CRWD,MOMENTUM_ACCEL,2022-07-27,2022-08-22,262.68,265.91,4.07,1068.6,13.13,1.23,26,True
471,MSTR,PULLBACK,2022-07-29,2022-08-06,204.39,297.2,7.68,1568.81,712.33,45.41,8,True
472,COIN,MOMENTUM_ACCEL,2022-07-31,2022-08-01,318.97,389.5,1.8,573.93,126.89,22.11,1,True
473,COIN,BREAKOUT,2022-08-02,2022-09-05,268.83,252.93,2.58,694.19,-41.05,-5.91,34,False
474,AMD,PULLBACK,2022-08-04,2022-09-11,275.86,246.73,4.64,1280.98,-135.29,-10.56,38,False
475,SMCI,PULLBACK,2022-08-06,2022-08-11,261.75,236.81,6.2,1623.15,-154.63,-9.53,5,False
476,PLTR,BREAKOUT,2022-08-08,2022-08-12,256.91,335.52,8.59,2208.01,675.6,30.6,4,True
477,TSLA,MOMENTUM_ACCEL,2022-08-10,2022-09-07,162.71,141.83,6.27,1019.97,-130.88,-12.83,28,False
478,PLTR,PULLBACK,2022-08-12,2022-08-17,260.97,209.9,2.6,678.25,-132.72,-19.57,5,False
479,CRWD,BREAKOUT,2022-08-14,2022-08-15,428.04,341.09,7.21,3087.1,-627.12,-20.31,1,False
480,TSLA,PULLBACK,2022-08-16,2022-08-21,90.22,155.45,6.38,575.24,415.93,72.31,5,True
481,CRWD,TREND_FOLLOW,2022-08-18,2022-09-24,411.89,397.92,9.57,3943.8,-133.74,-3.39,37,False
482,PLTR,BREAKOUT,2022-08-20,2022-09-17,194.62,176.71,6.3,1226.92,-112.88,-9.2,28,False
483,AMD,PULLBACK,2022-08-22,2022-08-23,167.75,298.26,7.4,1241.31,965.78,77.8,1,True
484,MSTR,TREND_FOLLOW,2022-08-24,2022-08-30,219.64,165.17,8.48,1861.53,-461.64,-24.8,6,False
485,SMCI,PULLBACK,2022-08-26,2022-09-23,207.15,291.66,4.26,883.47,360.41,40.79,28,True
486,AMD,PULLBACK,2022-08-28,2022-09-04,366.7,467.46,7.55,2769.93,761.1,27.48,7,True
487,AMD,PULLBACK,2022-08-30,2022-09-09,311.26,285.26,10.0,3111.6,-259.92,-8.35,10,False
488,PLTR,TREND_FOLLOW,2022-09-01,2022-09-09,427.18,566.2,1.45,618.74,201.35,32.54,8,True
489,TSLA,MOMENTUM_ACCEL,2022-09-03,2022-09-24,200.99,167.38,4.48,900.03,-150.49,-16.72,21,False
490,NVDA,TREND_FOLLOW,2022-09-05,2022-09-07,337.45,544.78,5.07,1711.93,1051.81,61.44,2,True
491,NVDA,BREAKOUT,2022-09-07,2022-11-18,291.14,288.88,2.12,616.36,-4.78,-0.78,72,False
492,MSTR,MOMENTUM_ACCEL,2022-09-09,2022-09-10,431.51,347.95,1.85,797.83,-154.49,-19.36,1,False
493,TSLA,PULLBACK,2022-09-11,2022-10-12,132.22,138.92,5.1,674.92,34.22,5.07,31,False
494,MSTR,PULLBACK,2022-09-13,2022-10-05,202.66,183.3,9.77,1979.45,-189.09,-9.55,22,False
495,TSLA,MOMENTUM_ACCEL,2022-09-15,2022-09-29,448.39,784.72,5.47,2452.45,1839.5,75.01,14,True
496,CRWD,TREND_FOLLOW,2022-09-17,2022-10-09,384.84,343.22,8.07,3107.09,-336.05,-10.82,22,False
497,MSTR,PULLBACK,2022-09-19,2022-10-16,431.3,393.02,7.55,3255.58,-288.95,-8.88,27,False
498,SMCI,PULLBACK,2022-09-21,2022-09-28,311.6,260.71,1.9,593.36,-96.9,-16.33,7,False
499,CRWD,TREND_FOLLOW,2022-09-23,2022-10-22,135.13,117.01,2.57,346.62,-46.47,-13.41,29,False
500,NVDA,BREAKOUT,2022-09-25,2022-09-28,325.99,282.69,4.07,1327.62,-176.33,-13.28,3,False
