date,equity,cash,positions,circuit_breaker
2019-02-13,20000.0,20000.0,0,False
2019-02-14,20151.075367689133,6002.0077912807465,1,False
2019-02-15,20408.36741757393,6002.0077912807465,1,False
2019-02-19,20344.273770093918,6002.0077912807465,1,False
2019-02-20,20519.15643143654,6002.0077912807465,1,False
2019-02-21,20264.61323952675,6002.0077912807465,1,False
2019-02-22,20577.755884885788,6002.0077912807465,1,False
2019-02-25,20531.976217508316,6002.0077912807465,1,False
2019-02-26,20386.38976097107,6002.0077912807465,1,False
2019-02-27,20231.650716781616,6002.0077912807465,1,False
2019-02-28,20141.355133771896,6071.364296197891,1,False
2019-03-01,20341.10415649414,6071.364296197891,1,False
2019-03-04,20371.199471473694,6071.364296197891,1,False
2019-03-05,20347.488064289093,6071.364296197891,1,False
2019-03-06,19939.781887054443,6071.364296197891,1,False
2019-03-07,19685.30526828766,6071.364296197891,1,False
2019-03-08,19685.30526828766,19685.30526828766,0,False
2019-03-11,19685.30526828766,19685.30526828766,0,False
2019-03-12,19685.30526828766,19685.30526828766,0,False
2019-03-13,19685.30526828766,19685.30526828766,0,False
2019-03-14,19435.28994655609,5908.389060020447,1,False
2019-03-15,19782.53231525421,5908.389060020447,1,False
2019-03-18,19712.267258644104,5908.389060020447,1,False
2019-03-19,20264.587775230408,5908.389060020447,1,False
2019-03-20,20157.556082725525,5908.389060020447,1,False
2019-03-21,20937.009705543518,5908.389060020447,1,False
2019-03-22,20410.83804988861,5908.389060020447,1,False
2019-03-25,20106.898747444153,5908.389060020447,1,False
2019-03-26,20359.36130619049,5908.389060020447,1,False
2019-03-27,20329.131100654602,5908.389060020447,1,False
2019-03-28,20389.593419075012,6101.132878303528,1,False
2019-03-29,20575.806332588196,6101.132878303528,1,False
2019-04-01,20795.071484565735,6101.132878303528,1,False
2019-04-02,20853.10998249054,6101.132878303528,1,False
2019-04-03,21306.146039009094,6101.132878303528,1,False
2019-04-04,21277.12988758087,6101.132878303528,1,False
2019-04-05,21493.969670295715,6101.132878303528,1,False
2019-04-08,21561.691060066223,6101.132878303528,1,False
2019-04-09,21357.74011707306,6101.132878303528,1,False
2019-04-10,21586.674221992493,6101.132878303528,1,False
2019-04-11,21542.63481235504,6477.782436847687,1,False
2019-04-12,21422.295584201813,6477.782436847687,1,False
2019-04-15,21004.65558576584,6477.782436847687,1,False
2019-04-16,21280.723932743073,6477.782436847687,1,False
2019-04-17,21208.368077278137,6477.782436847687,1,False
2019-04-18,21130.495206832886,6477.782436847687,1,False
2019-04-22,21301.175118923187,6477.782436847687,1,False
2019-04-23,21474.204786777496,6477.782436847687,1,False
2019-04-24,21513.532596111298,6477.782436847687,1,False
2019-04-25,21178.055665016174,6458.803894519806,1,False
2019-04-26,20483.473214626312,6458.803894519806,1,False
2019-04-29,20483.473214626312,20483.473214626312,0,False
2019-04-30,20483.473214626312,20483.473214626312,0,False
2019-05-01,20058.713372707367,6171.133649349213,1,False
2019-05-02,20058.713372707367,20058.713372707367,0,False
2019-05-03,20023.992578029633,6026.872918605804,1,False
2019-05-06,19627.1929564476,6026.872918605804,1,False
2019-05-07,19250.23284292221,6026.872918605804,1,False
2019-05-08,19250.23284292221,19250.23284292221,0,False
2019-05-09,19250.23284292221,19250.23284292221,0,False
2019-05-10,19250.23284292221,19250.23284292221,0,False
2019-05-13,19250.23284292221,19250.23284292221,0,False
2019-05-14,19250.23284292221,19250.23284292221,0,False
2019-05-15,19250.23284292221,19250.23284292221,0,False
2019-05-16,19250.23284292221,19250.23284292221,0,False
2019-05-17,19250.23284292221,19250.23284292221,0,False
2019-05-20,19250.23284292221,19250.23284292221,0,False
2019-05-21,19250.23284292221,19250.23284292221,0,False
2019-05-22,19250.23284292221,19250.23284292221,0,False
2019-05-23,19250.23284292221,19250.23284292221,0,False
2019-05-24,19250.23284292221,19250.23284292221,0,False
2019-05-28,19250.23284292221,19250.23284292221,0,False
2019-05-29,19250.23284292221,19250.23284292221,0,False
2019-05-30,19250.23284292221,19250.23284292221,0,False
2019-05-31,19250.23284292221,19250.23284292221,0,False
2019-06-03,19250.23284292221,19250.23284292221,0,False
2019-06-04,19250.23284292221,19250.23284292221,0,False
2019-06-05,19218.38298177719,5795.882981777191,1,False
2019-06-06,20273.98284292221,5795.882981777191,1,False
2019-06-07,20542.4329123497,5795.882981777191,1,False
2019-06-10,20915.53277349472,5795.882981777191,1,False
2019-06-11,20542.4329123497,5795.882981777191,1,False
2019-06-12,20437.78312063217,5795.882981777191,1,False
2019-06-13,20078.33270406723,5795.882981777191,1,False
2019-06-14,19609.683259487152,5795.882981777191,1,False
2019-06-17,19081.883328914642,5795.882981777191,1,False
2019-06-18,19650.633328914642,5795.882981777191,1,False
2019-06-19,19754.060836315155,5896.54505109787,1,False
2019-06-20,19337.288402080536,5896.54505109787,1,False
2019-06-21,19474.37697172165,5896.54505109787,1,False
2019-06-24,19583.312955379486,5896.54505109787,1,False
2019-06-25,19345.857532024384,5896.54505109787,1,False
2019-06-26,19315.869079113007,5896.54505109787,1,False
2019-06-27,19534.35300207138,5896.54505109787,1,False
2019-06-28,19572.29687833786,5896.54505109787,1,False
2019-07-01,19799.34905576706,5896.54505109787,1,False
2019-07-02,19639.005296230316,5896.54505109787,1,False
2019-07-03,19683.067042827606,5893.394014835358,1,False
2019-07-05,19469.54773426056,5893.394014835358,1,False
2019-07-08,19213.66423845291,5893.394014835358,1,False
2019-07-09,19222.140653133392,5893.394014835358,1,False
2019-07-10,19455.14449596405,5893.394014835358,1,False
2019-07-11,19982.152936458588,5893.394014835358,1,False
2019-07-12,20094.84876394272,5893.394014835358,1,False
2019-07-15,20066.0422873497,5893.394014835358,1,False
2019-07-16,20049.941489696503,5893.394014835358,1,False
2019-07-17,20270.82306623459,6017.9384207725525,1,False
2019-07-18,20310.293834209442,6017.9384207725525,1,False
2019-07-19,20164.1552901268,6017.9384207725525,1,False
2019-07-22,20406.03583097458,6017.9384207725525,1,False
2019-07-23,20770.522344112396,6017.9384207725525,1,False
2019-07-24,21022.472846508026,6017.9384207725525,1,False
2019-07-25,20579.038350582123,6017.9384207725525,1,False
2019-07-26,20720.971944332123,6017.9384207725525,1,False
2019-07-29,20699.97620344162,6017.9384207725525,1,False
2019-07-30,20752.8870177269,6017.9384207725525,1,False
2019-07-31,20195.704825878143,6227.192128658295,1,False
2019-08-01,19881.09276533127,6227.192128658295,1,False
2019-08-02,19572.28308057785,6227.192128658295,1,False
2019-08-05,19572.28308057785,19572.28308057785,0,False
2019-08-06,19572.28308057785,19572.28308057785,0,False
2019-08-07,19572.28308057785,19572.28308057785,0,False
2019-08-08,19572.28308057785,19572.28308057785,0,False
2019-08-09,19572.28308057785,19572.28308057785,0,False
2019-08-12,19572.28308057785,19572.28308057785,0,False
2019-08-13,19572.28308057785,19572.28308057785,0,False
2019-08-14,19572.28308057785,19572.28308057785,0,False
2019-08-15,19572.28308057785,19572.28308057785,0,False
2019-08-16,19572.28308057785,19572.28308057785,0,False
2019-08-19,19572.28308057785,19572.28308057785,0,False
2019-08-20,19572.28308057785,19572.28308057785,0,False
2019-08-21,19572.28308057785,19572.28308057785,0,False
2019-08-22,19572.28308057785,19572.28308057785,0,False
2019-08-23,19572.28308057785,19572.28308057785,0,False
2019-08-26,19572.28308057785,19572.28308057785,0,False
2019-08-27,19572.28308057785,19572.28308057785,0,False
2019-08-28,19572.28308057785,19572.28308057785,0,False
2019-08-29,19572.28308057785,19572.28308057785,0,False
2019-08-30,19572.28308057785,19572.28308057785,0,False
2019-09-03,19299.146438121796,5873.539443492889,1,False
2019-09-04,19674.506286144257,5873.539443492889,1,False
2019-09-05,20572.43680524826,5873.539443492889,1,False
2019-09-06,20483.29252576828,5873.539443492889,1,False
2019-09-09,20634.589141368866,5873.539443492889,1,False
2019-09-10,20853.757575511932,5873.539443492889,1,False
2019-09-11,20947.802924633026,5873.539443492889,1,False
2019-09-12,20942.889312267303,5873.539443492889,1,False
2019-09-13,20752.346511363983,5873.539443492889,1,False
2019-09-16,20614.233146190643,6226.503844738007,1,False
2019-09-17,20682.893391132355,6226.503844738007,1,False
2019-09-18,20595.868440151215,6226.503844738007,1,False
2019-09-19,20353.15370130539,6226.503844738007,1,False
2019-09-20,20013.838282108307,6226.503844738007,1,False
2019-09-23,20185.497313022614,6226.503844738007,1,False
2019-09-24,20001.066561222076,6226.503844738007,1,False
2019-09-25,20456.144834041595,6226.503844738007,1,False
2019-09-26,20385.089126110077,6226.503844738007,1,False
2019-09-27,19939.59117460251,6226.503844738007,1,False
2019-09-30,19939.59117460251,19939.59117460251,0,False
2019-10-01,20160.897042751312,5985.188683986664,1,False
2019-10-02,20070.520963191986,5985.188683986664,1,False
2019-10-03,19485.39278268814,5985.188683986664,1,False
2019-10-04,19535.029219150543,5848.614233493805,1,False
2019-10-07,19712.53539133072,5848.614233493805,1,False
2019-10-08,19178.525892734528,5848.614233493805,1,False
2019-10-09,19440.263899326324,5848.614233493805,1,False
2019-10-10,19614.757826328278,5848.614233493805,1,False
2019-10-11,19837.38855600357,5848.614233493805,1,False
2019-10-14,19878.00267648697,5848.614233493805,1,False
2019-10-15,20618.090696811676,5848.614233493805,1,False
2019-10-16,20455.634214878082,5848.614233493805,1,False
2019-10-17,20461.648611545563,5848.614233493805,1,False
2019-10-18,20181.515085697174,6138.555391788483,1,False
2019-10-21,20588.448301792145,6138.555391788483,1,False
2019-10-22,20558.96450471878,6138.555391788483,1,False
2019-10-23,20520.623272418976,6138.555391788483,1,False
2019-10-24,20651.110380649567,6138.555391788483,1,False
2019-10-25,21217.280975818634,6138.555391788483,1,False
2019-10-28,21383.152597904205,6138.555391788483,1,False
2019-10-29,21097.854708194733,6138.555391788483,1,False
2019-10-30,21103.754011631012,6138.555391788483,1,False
2019-10-31,20957.7865319252,6138.555391788483,1,False
2019-11-01,21072.358132839203,6288.547609806061,1,False
2019-11-04,21649.581142902374,6288.547609806061,1,False
2019-11-05,21584.630700588226,6288.547609806061,1,False
2019-11-06,21440.147619724274,6288.547609806061,1,False
2019-11-07,21491.954079151154,6288.547609806061,1,False
2019-11-08,21451.08951330185,6288.547609806061,1,False
2019-11-11,21480.28468465805,6288.547609806061,1,False
2019-11-12,21584.630700588226,6288.547609806061,1,False
2019-11-13,21508.738364696503,6288.547609806061,1,False
2019-11-14,21597.770486354828,6288.547609806061,1,False
2019-11-15,21194.264350414276,6481.608702659607,1,False
2019-11-18,21777.18083524704,6481.608702659607,1,False
2019-11-19,21468.07386159897,6481.608702659607,1,False
2019-11-20,21697.921786785126,6481.608702659607,1,False
2019-11-21,21625.872250556946,6481.608702659607,1,False
2019-11-22,21677.03091621399,6481.608702659607,1,False
2019-11-25,22420.623240470886,6481.608702659607,1,False
2019-11-26,22117.276693344116,6481.608702659607,1,False
2019-11-27,22218.223678588867,6481.608702659607,1,False
2019-11-29,22110.06856250763,6481.608702659607,1,False
2019-12-02,21575.391489982605,6638.055142402649,1,False
2019-12-03,21461.89147090912,6638.055142402649,1,False
2019-12-04,21587.52456188202,6638.055142402649,1,False
2019-12-05,21538.986804008484,6638.055142402649,1,False
2019-12-06,21783.837719917297,6638.055142402649,1,False
2019-12-09,21783.837719917297,6638.055142402649,1,False
2019-12-10,21913.042901039124,6638.055142402649,1,False
2019-12-11,22152.895352363586,6638.055142402649,1,False
2019-12-12,22633.31822872162,6638.055142402649,1,False
2019-12-13,22627.60999584198,6638.055142402649,1,False
2019-12-16,22709.632675647736,6788.584424495697,1,False
2019-12-17,22931.671146392822,6788.584424495697,1,False
2019-12-18,23017.943502426147,6788.584424495697,1,False
2019-12-19,23438.6871881485,6788.584424495697,1,False
2019-12-20,23715.17218017578,6788.584424495697,1,False
2019-12-23,23676.28432369232,6788.584424495697,1,False
2019-12-24,23662.14131450653,6788.584424495697,1,False
2019-12-26,23702.446181297302,6788.584424495697,1,False
2019-12-27,23538.391338825226,6788.584424495697,1,False
2019-12-30,23221.972789287567,7065.684362888336,1,False
2019-12-31,23429.212077617645,7065.684362888336,1,False
2020-01-02,23749.802005290985,7065.684362888336,1,False
2020-01-03,23482.75786447525,7065.684362888336,1,False
2020-01-06,23551.60358953476,7065.684362888336,1,False
2020-01-07,23751.198237895966,7065.684362888336,1,False
2020-01-08,23782.492233753204,7065.684362888336,1,False
2020-01-09,23966.083498477936,7065.684362888336,1,False
2020-01-10,24056.48955965042,7065.684362888336,1,False
2020-01-13,24584.428419589996,7217.713757991791,1,False
2020-01-14,24260.49870634079,7217.713757991791,1,False
2020-01-15,24142.641865730286,7217.713757991791,1,False
2020-01-16,24374.217532157898,7217.713757991791,1,False
2020-01-17,24398.339227199554,7217.713757991791,1,False
2020-01-21,24305.98518037796,7217.713757991791,1,False
2020-01-22,24455.54127407074,7217.713757991791,1,False
2020-01-23,24645.07529115677,7217.713757991791,1,False
2020-01-24,24481.04274749756,7217.713757991791,1,False
2020-01-27,23777.9097366333,7348.638246536255,1,False
2020-01-28,24309.360885620117,7348.638246536255,1,False
2020-01-29,24143.16021156311,7348.638246536255,1,False
2020-01-30,24161.623022079468,7348.638246536255,1,False
2020-01-31,23520.046253204346,7348.638246536255,1,False
2020-02-03,26790.310638427734,7082.310638427734,1,False
2020-02-04,29495.359813690186,7082.310638427734,1,False
2020-02-05,25950.450466156006,8856.430625915527,1,False
2020-02-06,26302.197750091553,7827.850635528564,1,False
2020-02-07,26280.244243621826,7827.850635528564,1,False
2020-02-10,26852.75736618042,7827.850635528564,1,False
2020-02-11,26929.223430633545,7827.850635528564,1,False
2020-02-12,26754.33779525757,7827.850635528564,1,False
2020-02-13,27659.85007095337,7827.850635528564,1,False
2020-02-14,27561.924503326416,7827.850635528564,1,False
2020-02-18,29001.716869354248,7827.850635528564,1,False
2020-02-19,30457.543170928955,7827.850635528564,1,False
2020-02-20,30051.186020374298,9144.089799880981,1,False
2020-02-21,29060.34801387787,9144.089799880981,1,False
2020-02-24,27652.322842121124,9144.089799880981,1,False
2020-02-25,26866.306728839874,8308.39535188675,1,False
2020-02-26,26866.306728839874,26866.306728839874,0,False
2020-02-27,26866.306728839874,26866.306728839874,0,False
2020-02-28,26866.306728839874,26866.306728839874,0,False
2020-03-02,26866.306728839874,26866.306728839874,0,False
2020-03-03,26149.421051979065,8064.694181919098,1,False
2020-03-04,27415.87641096115,8064.694181919098,1,False
2020-03-05,26652.736390590668,8064.694181919098,1,False
2020-03-06,26159.622817993164,8064.694181919098,1,False
2020-03-09,26159.622817993164,26159.622817993164,0,False
2020-03-10,26159.622817993164,26159.622817993164,0,False
2020-03-11,26159.622817993164,26159.622817993164,0,False
2020-03-12,26159.622817993164,26159.622817993164,0,False
2020-03-13,26159.622817993164,26159.622817993164,0,False
2020-03-16,26159.622817993164,26159.622817993164,0,False
2020-03-17,26159.622817993164,26159.622817993164,0,False
2020-03-18,26159.622817993164,26159.622817993164,0,False
2020-03-19,26159.622817993164,26159.622817993164,0,False
2020-03-20,26159.622817993164,26159.622817993164,0,False
2020-03-23,26159.622817993164,26159.622817993164,0,False
2020-03-24,26159.622817993164,26159.622817993164,0,False
2020-03-25,26159.622817993164,26159.622817993164,0,False
2020-03-26,26159.622817993164,26159.622817993164,0,False
2020-03-27,26159.622817993164,26159.622817993164,0,False
2020-03-30,26159.622817993164,26159.622817993164,0,False
2020-03-31,26159.622817993164,26159.622817993164,0,False
2020-04-01,26159.622817993164,26159.622817993164,0,False
2020-04-02,26159.622817993164,26159.622817993164,0,False
2020-04-03,26159.622817993164,26159.622817993164,0,False
2020-04-06,26159.622817993164,26159.622817993164,0,False
2020-04-07,25520.44506406784,7850.69966506958,1,False
2020-04-08,26060.70989894867,7850.69966506958,1,False
2020-04-09,25787.848475456238,7850.69966506958,1,False
2020-04-13,26258.533124923706,7850.69966506958,1,False
2020-04-14,27220.367030620575,7850.69966506958,1,False
2020-04-15,27008.21505355835,7850.69966506958,1,False
2020-04-16,27953.68014717102,7850.69966506958,1,False
2020-04-17,27791.330734729767,7850.69966506958,1,False
2020-04-20,27431.829409599304,7850.69966506958,1,False
2020-04-21,25901.0702085495,8275.25664806366,1,False
2020-04-22,27066.080584526062,8275.25664806366,1,False
2020-04-23,26386.426577568054,8275.25664806366,1,False
2020-04-24,26887.440314292908,8275.25664806366,1,False
2020-04-27,28776.50664806366,8275.25664806366,1,False
2020-04-28,28016.00299358368,8275.25664806366,1,False
2020-04-29,28821.679644584656,8275.25664806366,1,False
2020-04-30,28343.50942134857,8275.25664806366,1,False
2020-05-01,26275.802817344666,8275.25664806366,1,False
2020-05-04,27812.466025352478,8275.25664806366,1,False
2020-05-05,27976.176013469696,8348.360023498535,1,False
2020-05-06,28246.797785282135,8348.360023498535,1,False
2020-05-07,28719.888856887817,8348.360023498535,1,False
2020-05-08,29229.724257469177,8348.360023498535,1,False
2020-05-11,29905.94989299774,8348.360023498535,1,False
2020-05-12,29202.997271060944,8348.360023498535,1,False
2020-05-13,29142.86251115799,8348.360023498535,1,False
2020-05-14,29812.3984041214,8348.360023498535,1,False
2020-05-15,31042.57156944275,8348.360023498535,1,False
2020-05-18,31736.160598754883,8348.360023498535,1,False
2020-05-19,31876.391284942627,9525.159530639648,1,False
2020-05-20,32293.95841217041,9525.159530639648,1,False
2020-05-21,31799.621490478516,9525.159530639648,1,False
2020-05-22,32436.728408813477,9525.159530639648,1,False
2020-05-26,31653.665813446045,9525.159530639648,1,False
2020-05-27,31165.041732788086,9525.159530639648,1,False
2020-05-28,31067.945304870605,9525.159530639648,1,False
2020-05-29,32054.087127685547,9525.159530639648,1,False
2020-06-01,31878.298805236816,9525.159530639648,1,False
2020-06-02,31926.43647670746,9569.02361869812,1,False
2020-06-03,31785.20531654358,9569.02361869812,1,False
2020-06-04,31787.73721885681,9569.02361869812,1,False
2020-06-05,32176.789231300354,9569.02361869812,1,False
2020-06-08,31885.312465667725,9569.02361869812,1,False
2020-06-09,32496.129048347473,9569.02361869812,1,False
2020-06-10,33309.07340717316,9569.02361869812,1,False
2020-06-11,31863.141344070435,9569.02361869812,1,False
2020-06-12,32208.45983695984,9569.02361869812,1,False
2020-06-15,32819.91909599304,9569.02361869812,1,False
2020-06-16,32617.040899276733,9897.09994316101,1,False
2020-06-17,32840.50792503357,9897.09994316101,1,False
2020-06-18,33122.04037284851,9897.09994316101,1,False
2020-06-19,33051.25419425964,9897.09994316101,1,False
2020-06-22,32899.036642074585,9897.09994316101,1,False
2020-06-23,33071.610052108765,9897.09994316101,1,False
2020-06-24,32124.762182235718,9897.09994316101,1,False
2020-06-25,32706.104726791382,9897.09994316101,1,False
2020-06-26,32099.085050582886,9897.09994316101,1,False
2020-06-29,33246.730260849,9897.09994316101,1,False
2020-06-30,33999.889196395874,9975.150737762451,1,False
2020-07-01,34081.474475860596,9975.150737762451,1,False
2020-07-02,34289.52698326111,9975.150737762451,1,False
2020-07-06,34863.71724319458,9975.150737762451,1,False
2020-07-07,34945.93909454346,9975.150737762451,1,False
2020-07-08,35816.718603134155,9975.150737762451,1,False
2020-07-09,36557.86980819702,9975.150737762451,1,False
2020-07-10,36482.62120246887,9975.150737762451,1,False
2020-07-13,35402.508781433105,9975.150737762451,1,False
2020-07-14,35728.87725067139,10651.116569519043,1,False
2020-07-15,36211.81426239014,10651.116569519043,1,False
2020-07-16,35461.69713592529,10651.116569519043,1,False
2020-07-17,35465.00450897217,10651.116569519043,1,False
2020-07-20,37815.38311004639,10651.116569519043,1,False
2020-07-21,36581.335624694824,10651.116569519043,1,False
2020-07-22,36977.63951873779,10651.116569519043,1,False
2020-07-23,35667.2064743042,10651.116569519043,1,False
2020-07-24,34078.8500289917,10651.116569519043,1,False
2020-07-27,36105.836418151855,10651.116569519043,1,False
2020-07-28,35608.07619476318,10862.815971374512,1,False
2020-07-29,38711.75463104248,10862.815971374512,1,False
2020-07-30,39484.01485443115,10862.815971374512,1,False
2020-07-31,39202.19608306885,10862.815971374512,1,False
2020-08-03,39290.035301208496,10862.815971374512,1,False
2020-08-04,41987.45630645752,10862.815971374512,1,False
2020-08-05,42086.275077819824,10862.815971374512,1,False
2020-08-06,42598.675636291504,10862.815971374512,1,False
2020-08-07,42240.97548675537,12784.251898765564,1,False
2020-08-10,42150.229157447815,12784.251898765564,1,False
2020-08-11,41321.723752975464,12784.251898765564,1,False
2020-08-12,42874.19394493103,12784.251898765564,1,False
2020-08-13,42881.42455768585,12784.251898765564,1,False
2020-08-14,43199.67470550537,12784.251898765564,1,False
2020-08-17,45232.79818153381,12784.251898765564,1,False
2020-08-18,45032.24871826172,12784.251898765564,1,False
2020-08-19,44710.72176647186,12784.251898765564,1,False
2020-08-20,44717.28544139862,12784.251898765564,1,False
2020-08-21,46115.51087284088,13425.574664115906,1,False
2020-08-24,46210.22288608551,13425.574664115906,1,False
2020-08-25,46286.897099494934,13425.574664115906,1,False
2020-08-26,46346.179657936096,13425.574664115906,1,False
2020-08-27,45973.10498332977,13425.574664115906,1,False
2020-08-28,47312.04292392731,13425.574664115906,1,False
2020-08-31,47896.46615886688,13425.574664115906,1,False
2020-09-01,49057.906624794006,13425.574664115906,1,False
2020-09-02,50412.71457386017,13425.574664115906,1,False
2020-09-03,46981.224150657654,13425.574664115906,1,False
2020-09-04,46770.2846364975,14130.303786277771,1,False
2020-09-08,45448.92475795746,14130.303786277771,1,False
2020-09-09,46730.4852437973,14130.303786277771,1,False
2020-09-10,45564.34512233734,14130.303786277771,1,False
2020-09-11,45182.956137657166,13675.764258384705,1,False
2020-09-14,47016.09446811676,13675.764258384705,1,False
2020-09-15,47323.666949272156,13675.764258384705,1,False
2020-09-16,46089.48464298248,13675.764258384705,1,False
2020-09-17,45957.3914308548,13675.764258384705,1,False
2020-09-18,45247.060269355774,13675.764258384705,1,False
2020-09-21,45763.512906074524,13707.027371406555,1,False
2020-09-22,45763.512906074524,45763.512906074524,0,False
2020-09-23,45763.512906074524,45763.512906074524,0,False
2020-09-24,45763.512906074524,45763.512906074524,0,False
2020-09-25,45763.512906074524,45763.512906074524,0,False
2020-09-28,45763.512906074524,45763.512906074524,0,False
2020-09-29,45763.512906074524,45763.512906074524,0,False
2020-09-30,45763.512906074524,45763.512906074524,0,False
2020-10-01,47193.382534980774,13730.767788887024,1,False
2020-10-02,44724.153042793274,13730.767788887024,1,False
2020-10-05,45514.872769355774,13730.767788887024,1,False
2020-10-06,45514.872769355774,45514.872769355774,0,False
2020-10-07,46042.431670188904,13661.011099815369,1,False
2020-10-08,45751.98335170746,13661.011099815369,1,False
2020-10-09,45575.74367046356,13661.011099815369,1,False
2020-10-12,46649.980538368225,13661.011099815369,1,False
2020-10-13,46701.57695102692,13661.011099815369,1,False
2020-10-14,46346.786175727844,13661.011099815369,1,False
2020-10-15,46056.34229373932,13661.011099815369,1,False
2020-10-16,45688.79216480255,13661.011099815369,1,False
2020-10-19,44961.22950839996,13661.011099815369,1,False
2020-10-20,45303.84876537323,13661.011099815369,1,False
2020-10-21,45023.23982620239,13592.991242408752,1,False
2020-10-22,44642.69747829437,13592.991242408752,1,False
2020-10-23,45175.4540977478,13592.991242408752,1,False
2020-10-26,44132.01984214783,13592.991242408752,1,False
2020-10-27,44132.01984214783,44132.01984214783,0,False
2020-10-28,44132.01984214783,44132.01984214783,0,False
2020-10-29,44132.01984214783,44132.01984214783,0,False
2020-10-30,44132.01984214783,44132.01984214783,0,False
2020-11-02,44132.01984214783,44132.01984214783,0,False
2020-11-03,44132.01984214783,44132.01984214783,0,False
2020-11-04,44132.01984214783,44132.01984214783,0,False
2020-11-05,44132.01984214783,44132.01984214783,0,False
2020-11-06,44132.01984214783,44132.01984214783,0,False
2020-11-09,44132.01984214783,44132.01984214783,0,False
2020-11-10,44132.01984214783,44132.01984214783,0,False
2020-11-11,48455.77992630005,13248.019842147827,1,False
2020-11-12,45411.499673843384,13248.019842147827,1,False
2020-11-13,48102.820262908936,13248.019842147827,1,False
2020-11-16,48389.6005153656,13248.019842147827,1,False
2020-11-17,52625.120683670044,13248.019842147827,1,False
2020-11-18,52728.26910972595,15800.569896697998,1,False
2020-11-19,54956.30895233154,15800.569896697998,1,False
2020-11-20,53244.01910972595,15800.569896697998,1,False
2020-11-23,59206.09178543091,15800.569896697998,1,False
2020-11-24,64941.22926712036,15800.569896697998,1,False
2020-11-25,66461.86220169067,19585.196781158447,1,False
2020-11-27,67422.26175308228,19585.196781158447,1,False
2020-11-30,65939.19603347778,19585.196781158447,1,False
2020-12-01,67340.59633255005,19585.196781158447,1,False
2020-12-02,66038.83195877075,19585.196781158447,1,False
2020-12-03,68044.56384658813,19585.196781158447,1,False
2020-12-04,68506.79498672485,19585.196781158447,1,False
2020-12-07,71995.59633255005,19585.196781158447,1,False
2020-12-08,72658.72926712036,19585.196781158447,1,False
2020-12-09,69117.52974319458,21968.090076446533,1,False
2020-12-10,70879.54945755005,21968.090076446533,1,False
2020-12-11,69547.31050491333,21968.090076446533,1,False
2020-12-14,71874.83140945435,21968.090076446533,1,False
2020-12-15,71361.58888626099,21968.090076446533,1,False
2020-12-16,70544.14921951294,21968.090076446533,1,False
2020-12-17,73128.28960037231,21968.090076446533,1,False
2020-12-18,76178.09126663208,21968.090076446533,1,False
2020-12-21,72657.16893386841,21968.090076446533,1,False
2020-12-22,71914.61098098755,21968.090076446533,1,False
2020-12-23,72356.40854263306,21754.643405914307,1,False
2020-12-24,73593.2925453186,21754.643405914307,1,False
2020-12-28,73743.69240188599,21754.643405914307,1,False
2020-12-29,73923.86169815063,21754.643405914307,1,False
2020-12-30,76179.0778388977,21754.643405914307,1,False
2020-12-31,77032.12540054321,21754.643405914307,1,False
2021-01-04,78919.96040725708,21754.643405914307,1,False
2021-01-05,79338.26012039185,21754.643405914307,1,False
2021-01-06,80910.46641921997,23959.97340774536,1,False
2021-01-07,85434.98738479614,23959.97340774536,1,False
2021-01-08,90254.81258010864,23959.97340774536,1,False
2021-01-11,85069.6202583313,23959.97340774536,1,False
2021-01-12,87951.1202583313,23959.97340774536,1,False
2021-01-13,88325.52931594849,23959.97340774536,1,False
2021-01-14,87616.63777542114,23959.97340774536,1,False
2021-01-15,86197.35805130005,23959.97340774536,1,False
2021-01-19,87582.73915481567,23959.97340774536,1,False
2021-01-20,88009.50758743286,26493.623371124268,1,False
2021-01-21,87614.56599807739,26493.623371124268,1,False
2021-01-22,87733.91334915161,26493.623371124268,1,False
2021-01-25,90204.82469558716,26493.623371124268,1,False
2021-01-26,90370.46864700317,26493.623371124268,1,False
2021-01-27,89001.19917678833,26493.623371124268,1,False
2021-01-28,86923.05730056763,26493.623371124268,1,False
2021-01-29,83892.29549026489,26493.623371124268,1,False
2021-02-01,81856.11345291138,25176.874980926514,1,False
2021-02-02,76949.25574493408,25176.874980926514,1,False
2021-02-03,76844.9687576294,23087.629417419434,1,False
2021-02-04,77376.36582183838,23087.629417419434,1,False
2021-02-05,77085.33263397217,23087.629417419434,1,False
2021-02-08,80453.49304962158,23087.629417419434,1,False
2021-02-09,79756.21630096436,23087.629417419434,1,False
2021-02-10,81746.71932220459,23087.629417419434,1,False
2021-02-11,83679.60385894775,23087.629417419434,1,False
2021-02-12,82529.39984893799,23087.629417419434,1,False
2021-02-16,83995.4663772583,23087.629417419434,1,False
2021-02-17,82368.70373439789,25212.676941871643,1,False
2021-02-18,82073.46507263184,25212.676941871643,1,False
2021-02-19,82447.31792640686,25212.676941871643,1,False
2021-02-22,80258.80794715881,25212.676941871643,1,False
2021-02-23,79439.19476699829,25212.676941871643,1,False
2021-02-24,80808.08789920807,25212.676941871643,1,False
2021-02-25,76239.35990524292,25212.676941871643,1,False
2021-02-26,76239.35990524292,76239.35990524292,0,False
2021-03-01,76239.35990524292,76239.35990524292,0,False
2021-03-02,76239.35990524292,76239.35990524292,0,False
2021-03-03,76239.35990524292,76239.35990524292,0,False
2021-03-04,76239.35990524292,76239.35990524292,0,False
2021-03-05,76239.35990524292,76239.35990524292,0,False
2021-03-08,76239.35990524292,76239.35990524292,0,False
2021-03-09,76239.35990524292,76239.35990524292,0,False
2021-03-10,76239.35990524292,76239.35990524292,0,False
2021-03-11,76239.35990524292,76239.35990524292,0,False
2021-03-12,76239.35990524292,76239.35990524292,0,False
2021-03-15,76239.35990524292,76239.35990524292,0,False
2021-03-16,76239.35990524292,76239.35990524292,0,False
2021-03-17,76239.35990524292,76239.35990524292,0,False
2021-03-18,76239.35990524292,76239.35990524292,0,False
2021-03-19,76239.35990524292,76239.35990524292,0,False
2021-03-22,76239.35990524292,76239.35990524292,0,False
2021-03-23,76239.35990524292,76239.35990524292,0,False
2021-03-24,76239.35990524292,76239.35990524292,0,False
2021-03-25,76239.35990524292,76239.35990524292,0,False
2021-03-26,76239.35990524292,76239.35990524292,0,False
2021-03-29,76239.35990524292,76239.35990524292,0,False
2021-03-30,76239.35990524292,76239.35990524292,0,False
2021-03-31,76239.35990524292,76239.35990524292,0,False
2021-04-01,76239.35990524292,76239.35990524292,0,False
2021-04-05,76239.35990524292,76239.35990524292,0,False
2021-04-06,76239.35990524292,76239.35990524292,0,False
2021-04-07,76239.35990524292,76239.35990524292,0,False
2021-04-08,76893.9537525177,22877.263626098633,1,False
2021-04-09,77207.103017807,22877.263626098633,1,False
2021-04-12,80259.38321113586,22877.263626098633,1,False
2021-04-13,82034.54734230042,22877.263626098633,1,False
2021-04-14,80515.94184303284,22877.263626098633,1,False
2021-04-15,83761.58599090576,22877.263626098633,1,False
2021-04-16,82913.63540267944,22877.263626098633,1,False
2021-04-19,80835.69875907898,22877.263626098633,1,False
2021-04-20,80116.97607421875,22877.263626098633,1,False
2021-04-21,80830.98828315735,22877.263626098633,1,False
2021-04-22,78951.66938591003,24256.384519577026,1,False
2021-04-23,80480.16279411316,24256.384519577026,1,False
2021-04-26,81263.75368309021,24256.384519577026,1,False
2021-04-27,80909.2523059845,24256.384519577026,1,False
2021-04-28,80522.51296806335,24256.384519577026,1,False
2021-04-29,80699.31473350525,24256.384519577026,1,False
2021-04-30,79538.21647834778,24256.384519577026,1,False
2021-05-03,78901.95687294006,24256.384519577026,1,False
2021-05-04,78901.95687294006,78901.95687294006,0,False
2021-05-05,78901.95687294006,78901.95687294006,0,False
2021-05-06,78901.95687294006,78901.95687294006,0,False
2021-05-07,78901.95687294006,78901.95687294006,0,False
2021-05-10,78901.95687294006,78901.95687294006,0,False
2021-05-11,78901.95687294006,78901.95687294006,0,False
2021-05-12,78901.95687294006,78901.95687294006,0,False
2021-05-13,78901.95687294006,78901.95687294006,0,False
2021-05-14,78901.95687294006,78901.95687294006,0,False
2021-05-17,78901.95687294006,78901.95687294006,0,False
2021-05-18,78901.95687294006,78901.95687294006,0,False
2021-05-19,78901.95687294006,78901.95687294006,0,False
2021-05-20,78901.95687294006,78901.95687294006,0,False
2021-05-21,78901.95687294006,78901.95687294006,0,False
2021-05-24,78901.95687294006,78901.95687294006,0,False
2021-05-25,78901.95687294006,78901.95687294006,0,False
2021-05-26,78901.95687294006,78901.95687294006,0,False
2021-05-27,78901.95687294006,78901.95687294006,0,False
2021-05-28,78901.95687294006,78901.95687294006,0,False
2021-06-01,78969.949426651,23673.822076797485,1,False
2021-06-02,80716.61052894592,23673.822076797485,1,False
2021-06-03,81367.66198158264,23673.822076797485,1,False
2021-06-04,83436.44268226624,23673.822076797485,1,False
2021-06-07,83575.0018863678,23673.822076797485,1,False
2021-06-08,83024.22319984436,23673.822076797485,1,False
2021-06-09,82702.00609779358,23673.822076797485,1,False
2021-06-10,82929.00762367249,23673.822076797485,1,False
2021-06-11,84290.1002445221,23673.822076797485,1,False
2021-06-14,84930.53061676025,25292.390537261963,1,False
2021-06-15,84168.45092964172,25292.390537261963,1,False
2021-06-16,84240.43584251404,25292.390537261963,1,False
2021-06-17,87043.81735229492,25292.390537261963,1,False
2021-06-18,86982.59411430359,25292.390537261963,1,False
2021-06-21,86282.59176635742,25292.390537261963,1,False
2021-06-22,87803.42963600159,25292.390537261963,1,False
2021-06-23,88367.75010299683,25292.390537261963,1,False
2021-06-24,88858.4217414856,25292.390537261963,1,False
2021-06-25,88280.85954284668,25292.390537261963,1,False
2021-06-28,91378.42439651489,26488.734687805176,1,False
2021-06-29,91513.96842193604,26488.734687805176,1,False
2021-06-30,91435.23881149292,26488.734687805176,1,False
2021-07-01,92115.47257614136,26488.734687805176,1,False
2021-07-02,93008.3724899292,26488.734687805176,1,False
2021-07-06,93695.08585357666,26488.734687805176,1,False
2021-07-07,92634.1756477356,26488.734687805176,1,False
2021-07-08,91111.35195922852,26488.734687805176,1,False
2021-07-09,91590.2774925232,26488.734687805176,1,False
2021-07-12,90025.35580062866,27612.516262054443,1,False
2021-07-13,88926.63564682007,27612.516262054443,1,False
2021-07-14,85557.39687728882,27612.516262054443,1,False
2021-07-15,85303.49032211304,25882.023097991943,1,False
2021-07-16,84590.04969406128,25669.51011276245,1,False
2021-07-19,85063.39136886597,25669.51011276245,1,False
2021-07-20,85426.97053146362,25669.51011276245,1,False
2021-07-21,85426.97053146362,85426.97053146362,0,False
2021-07-22,85993.75387763977,25638.678659439087,1,False
2021-07-23,85993.75387763977,85993.75387763977,0,False
2021-07-26,85993.75387763977,85993.75387763977,0,False
2021-07-27,84821.03421211243,25931.127656936646,1,False
2021-07-28,85021.96866035461,25931.127656936646,1,False
2021-07-29,87795.76294136047,25931.127656936646,1,False
2021-07-30,88695.3940448761,25931.127656936646,1,False
2021-08-02,90747.65555000305,25931.127656936646,1,False
2021-08-03,90754.04815864563,25931.127656936646,1,False
2021-08-04,90861.81942939758,25931.127656936646,1,False
2021-08-05,91200.66949653625,25931.127656936646,1,False
2021-08-06,89782.26294136047,25931.127656936646,1,False
2021-08-09,91121.20715522766,25931.127656936646,1,False
2021-08-10,89993.15704345703,27351.302396774292,1,False
2021-08-11,89248.47327232361,27351.302396774292,1,False
2021-08-12,89895.75984191895,27351.302396774292,1,False
2021-08-13,90784.98980522156,27351.302396774292,1,False
2021-08-16,90037.15275764465,27351.302396774292,1,False
2021-08-17,88491.22444534302,27351.302396774292,1,False
2021-08-18,87177.80372238159,27351.302396774292,1,False
2021-08-19,84475.2416973114,26177.16206550598,1,False
2021-08-20,84113.29261779785,26177.16206550598,1,False
2021-08-23,86067.82132911682,26177.16206550598,1,False
2021-08-24,86743.46298599243,26177.16206550598,1,False
2021-08-25,84933.71298599243,26177.16206550598,1,False
2021-08-26,86188.47409057617,26177.16206550598,1,False
2021-08-27,88215.3898563385,26177.16206550598,1,False
2021-08-30,88336.04261779785,26177.16206550598,1,False
2021-08-31,89735.58243370056,26177.16206550598,1,False
2021-09-01,89397.76390647888,26177.16206550598,1,False
2021-09-02,89272.28949165344,26823.020414352417,1,False
2021-09-03,90518.70953559875,26823.020414352417,1,False
2021-09-07,90014.01941108704,26823.020414352417,1,False
2021-09-08,89113.36411476135,26823.020414352417,1,False
2021-09-09,88661.62424659729,26823.020414352417,1,False
2021-09-10,89500.9359035492,26823.020414352417,1,False
2021-09-13,88591.91919898987,26823.020414352417,1,False
2021-09-14,88842.8786869049,26823.020414352417,1,False
2021-09-15,89118.92772865295,26823.020414352417,1,False
2021-09-16,89214.43595314026,26888.92550086975,1,False
2021-09-17,89420.26803016663,26888.92550086975,1,False
2021-09-20,87006.25535011292,26888.92550086975,1,False
2021-09-21,87764.54715919495,26888.92550086975,1,False
2021-09-22,88798.65236854553,26888.92550086975,1,False
2021-09-23,88938.6187839508,26888.92550086975,1,False
2021-09-24,90647.03670692444,26888.92550086975,1,False
2021-09-27,92044.2359867096,26888.92550086975,1,False
2021-09-28,90908.03447914124,26888.92550086975,1,False
2021-09-29,91216.78447914124,26888.92550086975,1,False
2021-09-30,91216.78447914124,91216.78447914124,0,False
2021-10-01,91195.37700843811,27368.927728652954,1,False
2021-10-04,91714.90014076233,27368.927728652954,1,False
2021-10-05,91637.50158119202,27368.927728652954,1,False
2021-10-06,91815.34188270569,27368.927728652954,1,False
2021-10-07,92709.4882144928,27368.927728652954,1,False
2021-10-08,92040.93441200256,27368.927728652954,1,False
2021-10-11,92571.990442276,27368.927728652954,1,False
2021-10-12,93706.54116249084,27368.927728652954,1,False
2021-10-13,94147.84411048889,27368.927728652954,1,False
2021-10-14,94743.94417762756,27368.927728652954,1,False
2021-10-15,96745.45348548889,28460.021112442017,1,False
2021-10-18,98938.93486976624,28460.021112442017,1,False
2021-10-19,98465.89022254944,28460.021112442017,1,False
2021-10-20,98589.82259559631,28460.021112442017,1,False
2021-10-21,100874.02111244202,28460.021112442017,1,False
2021-10-22,102144.09804725647,28460.021112442017,1,False
2021-10-25,111473.67992591858,28460.021112442017,1,False
2021-10-26,116697.81413269043,33444.77787208557,1,False
2021-10-27,115801.8640537262,33444.77787208557,1,False
2021-10-28,117452.3173828125,33444.77787208557,1,False
2021-10-29,119560.83622169495,33444.77787208557,1,False
2021-11-01,120436.56029891968,33444.77787208557,1,False
2021-11-02,122369.95234680176,33444.77787208557,1,False
2021-11-03,123033.49008750916,33444.77787208557,1,False
2021-11-04,133822.00851631165,33444.77787208557,1,False
2021-11-05,133668.00850105286,40166.33465003967,1,False
2021-11-08,136974.1197490692,40166.33465003967,1,False
2021-11-09,136512.13772201538,40166.33465003967,1,False
2021-11-10,132747.19171714783,40166.33465003967,1,False
2021-11-11,135673.0418510437,40166.33465003967,1,False
2021-11-12,135673.0418510437,40166.33465003967,1,False
2021-11-15,134525.96396827698,40166.33465003967,1,False
2021-11-16,135085.36121559143,40166.33465003967,1,False
2021-11-17,132124.951171875,40166.33465003967,1,False
2021-11-18,139711.4039516449,40166.33465003967,1,False
2021-11-19,143755.15598106384,41936.58675575256,1,False
2021-11-22,140578.8206424713,41936.58675575256,1,False
2021-11-23,139930.57954978943,41936.58675575256,1,False
2021-11-24,142795.14184761047,41936.58675575256,1,False
2021-11-26,139180.4907093048,41936.58675575256,1,False
2021-11-29,144962.0966281891,41936.58675575256,1,False
2021-11-30,142801.28905296326,41936.58675575256,1,False
2021-12-01,138982.45866584778,41936.58675575256,1,False
2021-12-02,141115.72770500183,41936.58675575256,1,False
2021-12-03,136746.87890434265,42420.33250236511,1,False
2021-12-06,133504.63090324402,42420.33250236511,1,False
2021-12-07,140940.2699317932,40055.099590301514,1,False
2021-12-08,139070.4730167389,40055.099590301514,1,False
2021-12-09,134913.96569252014,40055.099590301514,1,False
2021-12-10,134005.52042770386,40055.099590301514,1,False
2021-12-13,134005.52042770386,134005.52042770386,0,False
2021-12-14,134005.52042770386,134005.52042770386,0,False
2021-12-15,134005.52042770386,134005.52042770386,0,False
2021-12-16,134005.52042770386,134005.52042770386,0,False
2021-12-17,134005.52042770386,134005.52042770386,0,False
2021-12-20,134005.52042770386,134005.52042770386,0,False
2021-12-21,134005.52042770386,134005.52042770386,0,False
2021-12-22,134005.52042770386,134005.52042770386,0,False
2021-12-23,134005.52042770386,134005.52042770386,0,False
2021-12-27,134005.52042770386,134005.52042770386,0,False
2021-12-28,134005.52042770386,134005.52042770386,0,False
2021-12-29,134005.52042770386,134005.52042770386,0,False
2021-12-30,134005.52042770386,134005.52042770386,0,False
2021-12-31,134005.52042770386,134005.52042770386,0,False
2022-01-03,134005.52042770386,134005.52042770386,0,False
2022-01-04,130090.69785690308,40422.6805229187,1,False
2022-01-05,125296.04014205933,40422.6805229187,1,False
2022-01-06,125296.04014205933,125296.04014205933,0,False
2022-01-07,125296.04014205933,125296.04014205933,0,False
2022-01-10,125296.04014205933,125296.04014205933,0,False
2022-01-11,125296.04014205933,125296.04014205933,0,False
2022-01-12,125296.04014205933,125296.04014205933,0,False
2022-01-13,125296.04014205933,125296.04014205933,0,False
2022-01-14,125296.04014205933,125296.04014205933,0,False
2022-01-18,123704.37296676636,37828.54136276245,1,False
2022-01-19,123704.37296676636,123704.37296676636,0,False
2022-01-20,123704.37296676636,123704.37296676636,0,False
2022-01-21,123704.37296676636,123704.37296676636,0,False
2022-01-24,123704.37296676636,123704.37296676636,0,False
2022-01-25,123704.37296676636,123704.37296676636,0,False
2022-01-26,123704.37296676636,123704.37296676636,0,False
2022-01-27,123704.37296676636,123704.37296676636,0,False
2022-01-28,123704.37296676636,123704.37296676636,0,False
2022-01-31,123704.37296676636,123704.37296676636,0,False
2022-02-01,123704.37296676636,123704.37296676636,0,False
2022-02-02,123704.37296676636,123704.37296676636,0,False
2022-02-03,123704.37296676636,123704.37296676636,0,False
2022-02-04,123704.37296676636,123704.37296676636,0,False
2022-02-07,123704.37296676636,123704.37296676636,0,False
2022-02-08,123704.37296676636,123704.37296676636,0,False
2022-02-09,123704.37296676636,123704.37296676636,0,False
2022-02-10,123704.37296676636,123704.37296676636,0,False
2022-02-11,123704.37296676636,123704.37296676636,0,False
2022-02-14,123704.37296676636,123704.37296676636,0,False
2022-02-15,123704.37296676636,123704.37296676636,0,False
2022-02-16,123704.37296676636,123704.37296676636,0,False
2022-02-17,123704.37296676636,123704.37296676636,0,False
2022-02-18,123704.37296676636,123704.37296676636,0,False
2022-02-22,123704.37296676636,123704.37296676636,0,False
2022-02-23,123704.37296676636,123704.37296676636,0,False
2022-02-24,123704.37296676636,123704.37296676636,0,False
2022-02-25,123704.37296676636,123704.37296676636,0,False
2022-02-28,123704.37296676636,123704.37296676636,0,False
2022-03-01,123704.37296676636,123704.37296676636,0,False
2022-03-02,123704.37296676636,123704.37296676636,0,False
2022-03-03,123704.37296676636,123704.37296676636,0,False
2022-03-04,123704.37296676636,123704.37296676636,0,False
2022-03-07,123704.37296676636,123704.37296676636,0,False
2022-03-08,123704.37296676636,123704.37296676636,0,False
2022-03-09,123704.37296676636,123704.37296676636,0,False
2022-03-10,123704.37296676636,123704.37296676636,0,False
2022-03-11,123704.37296676636,123704.37296676636,0,False
2022-03-14,123704.37296676636,123704.37296676636,0,False
2022-03-15,123704.37296676636,123704.37296676636,0,False
2022-03-16,123704.37296676636,123704.37296676636,0,False
2022-03-17,123704.37296676636,123704.37296676636,0,False
2022-03-18,123704.37296676636,123704.37296676636,0,False
2022-03-21,123704.37296676636,123704.37296676636,0,False
2022-03-22,123704.37296676636,123704.37296676636,0,False
2022-03-23,123704.37296676636,123704.37296676636,0,False
2022-03-24,124987.90079879761,37114.83561325073,1,False
2022-03-25,124703.63688278198,37114.83561325073,1,False
2022-03-28,131740.96598434448,37114.83561325073,1,False
2022-03-29,132410.9055595398,37114.83561325073,1,False
2022-03-30,131927.30143356323,37114.83561325073,1,False
2022-03-31,130506.83878707886,37114.83561325073,1,False
2022-04-01,131112.63529586792,37114.83561325073,1,False
2022-04-04,136387.17264938354,37114.83561325073,1,False
2022-04-05,131690.7004814148,37114.83561325073,1,False
2022-04-06,127747.36979293823,37114.83561325073,1,False
2022-04-07,127747.36979293823,127747.36979293823,0,False
2022-04-08,126772.40740203857,38329.60873031616,1,False
2022-04-11,126493.84766769409,38329.60873031616,1,False
2022-04-12,127492.99610519409,38009.52833175659,1,False
2022-04-13,130704.41065597534,38009.52833175659,1,False
2022-04-14,127316.19776535034,38009.52833175659,1,False
2022-04-18,129065.15577316284,38009.52833175659,1,False
2022-04-19,129065.15577316284,129065.15577316284,0,False
2022-04-20,129065.15577316284,129065.15577316284,0,False
2022-04-21,129065.15577316284,129065.15577316284,0,False
2022-04-22,129065.15577316284,129065.15577316284,0,False
2022-04-25,129065.15577316284,129065.15577316284,0,False
2022-04-26,129065.15577316284,129065.15577316284,0,False
2022-04-27,129065.15577316284,129065.15577316284,0,False
2022-04-28,129065.15577316284,129065.15577316284,0,False
2022-04-29,129065.15577316284,129065.15577316284,0,False
2022-05-02,129065.15577316284,129065.15577316284,0,False
2022-05-03,129065.15577316284,129065.15577316284,0,False
2022-05-04,129065.15577316284,129065.15577316284,0,False
2022-05-05,129065.15577316284,129065.15577316284,0,False
2022-05-06,129065.15577316284,129065.15577316284,0,False
2022-05-09,129065.15577316284,129065.15577316284,0,False
2022-05-10,129065.15577316284,129065.15577316284,0,False
2022-05-11,129065.15577316284,129065.15577316284,0,False
2022-05-12,129065.15577316284,129065.15577316284,0,False
2022-05-13,129065.15577316284,129065.15577316284,0,False
2022-05-16,129065.15577316284,129065.15577316284,0,False
2022-05-17,129065.15577316284,129065.15577316284,0,False
2022-05-18,129065.15577316284,129065.15577316284,0,False
2022-05-19,129065.15577316284,129065.15577316284,0,False
2022-05-20,129065.15577316284,129065.15577316284,0,False
2022-05-23,130581.77547836304,38744.15577316284,1,False
2022-05-24,126804.7193107605,38744.15577316284,1,False
2022-05-25,126804.7193107605,126804.7193107605,0,False
2022-05-26,132648.5178489685,38046.017848968506,1,False
2022-05-27,136011.0998954773,38046.017848968506,1,False
2022-05-31,135627.8984336853,38046.017848968506,1,False
2022-06-01,135014.7790184021,38046.017848968506,1,False
2022-06-02,142075.23434066772,38046.017848968506,1,False
2022-06-03,139881.4207725525,38046.017848968506,1,False
2022-06-06,139258.7193107605,38046.017848968506,1,False
2022-06-07,138904.2566795349,38046.017848968506,1,False
2022-06-08,135666.2193107605,38046.017848968506,1,False
2022-06-09,132610.7698249817,40703.74811172485,1,False
2022-06-10,127141.59257888794,40703.74811172485,1,False
2022-06-13,127141.59257888794,127141.59257888794,0,False
2022-06-14,127141.59257888794,127141.59257888794,0,False
2022-06-15,127141.59257888794,127141.59257888794,0,False
2022-06-16,127141.59257888794,127141.59257888794,0,False
2022-06-17,127141.59257888794,127141.59257888794,0,False
2022-06-21,127141.59257888794,127141.59257888794,0,False
2022-06-22,130206.99452781677,38142.81218910217,1,False
2022-06-23,134805.09257888794,38142.81218910217,1,False
2022-06-24,142264.22790145874,38142.81218910217,1,False
2022-06-27,136439.97101974487,38142.81218910217,1,False
2022-06-28,133272.3964767456,38142.81218910217,1,False
2022-06-29,132454.94751167297,38142.81218910217,1,False
2022-06-30,130820.06907081604,38142.81218910217,1,False
2022-07-01,132863.67686653137,38142.81218910217,1,False
2022-07-05,141038.06907081604,38142.81218910217,1,False
2022-07-06,138390.993932724,42311.7920627594,1,False
2022-07-07,142116.51505470276,42311.7920627594,1,False
2022-07-08,142018.47281074524,42311.7920627594,1,False
2022-07-11,136038.03617668152,42311.7920627594,1,False
2022-07-12,135351.74981880188,42311.7920627594,1,False
2022-07-13,133292.90944480896,42311.7920627594,1,False
2022-07-14,129567.3883228302,42311.7920627594,1,False
2022-07-15,130233.65236091614,39008.319414138794,1,False
2022-07-18,130416.05073738098,39008.319414138794,1,False
2022-07-19,132309.7189502716,39008.319414138794,1,False
2022-07-20,133058.3194141388,39008.319414138794,1,False
2022-07-21,142256.85212898254,39008.319414138794,1,False
2022-07-22,142460.79133796692,39008.319414138794,1,False
2022-07-25,141012.9806690216,39008.319414138794,1,False
2022-07-26,137375.11384773254,39008.319414138794,1,False
2022-07-27,143439.92219734192,39008.319414138794,1,False
2022-07-28,145750.31709480286,39008.319414138794,1,False
2022-07-29,146765.7364654541,43736.1408367157,1,False
2022-08-01,148342.6590938568,43736.1408367157,1,False
2022-08-02,148824.8237400055,43736.1408367157,1,False
2022-08-03,150906.63336753845,43736.1408367157,1,False
2022-08-04,152733.1768093109,43736.1408367157,1,False
2022-08-05,151451.1896724701,43736.1408367157,1,False
2022-08-08,144666.89319992065,43736.1408367157,1,False
2022-08-09,140656.42498779297,43736.1408367157,1,False
2022-08-10,140656.42498779297,140656.42498779297,0,False
2022-08-11,139732.00468444824,42200.7219543457,1,False
2022-08-12,142425.74377441406,42200.7219543457,1,False
2022-08-15,142604.6640777588,42200.7219543457,1,False
2022-08-16,141799.51892089844,42200.7219543457,1,False
2022-08-17,139881.0986175537,42200.7219543457,1,False
2022-08-18,142038.08438110352,42200.7219543457,1,False
2022-08-19,137575.01892089844,42200.7219543457,1,False
2022-08-22,134483.67831420898,42200.7219543457,1,False
2022-08-23,134483.67831420898,134483.67831420898,0,False
2022-08-24,134483.67831420898,134483.67831420898,0,False
2022-08-25,134483.67831420898,134483.67831420898,0,False
2022-08-26,134483.67831420898,134483.67831420898,0,False
2022-08-29,133417.66189575195,40566.33950805664,1,False
2022-08-30,131096.54348754883,40566.33950805664,1,False
2022-08-31,131096.54348754883,131096.54348754883,0,False
2022-09-01,131096.54348754883,131096.54348754883,0,False
2022-09-02,131096.54348754883,131096.54348754883,0,False
2022-09-06,131096.54348754883,131096.54348754883,0,False
2022-09-07,131096.54348754883,131096.54348754883,0,False
2022-09-08,131096.54348754883,131096.54348754883,0,False
2022-09-09,131096.54348754883,131096.54348754883,0,False
2022-09-12,131096.54348754883,131096.54348754883,0,False
2022-09-13,131096.54348754883,131096.54348754883,0,False
2022-09-14,131096.54348754883,131096.54348754883,0,False
2022-09-15,131096.54348754883,131096.54348754883,0,False
2022-09-16,131096.54348754883,131096.54348754883,0,False
2022-09-19,131096.54348754883,131096.54348754883,0,False
2022-09-20,130995.9045715332,39611.82131958008,1,False
2022-09-21,128648.61770629883,39611.82131958008,1,False
2022-09-22,125034.4602355957,39611.82131958008,1,False
2022-09-23,121109.4973449707,39611.82131958008,1,True
2022-09-26,121109.4973449707,121109.4973449707,0,True
2022-09-27,121109.4973449707,121109.4973449707,0,True
2022-09-28,121109.4973449707,121109.4973449707,0,True
2022-09-29,121109.4973449707,121109.4973449707,0,True
2022-09-30,121109.4973449707,121109.4973449707,0,True
2022-10-03,121109.4973449707,121109.4973449707,0,True
2022-10-04,121109.4973449707,121109.4973449707,0,True
2022-10-05,121109.4973449707,121109.4973449707,0,True
2022-10-06,121109.4973449707,121109.4973449707,0,True
2022-10-07,121109.4973449707,121109.4973449707,0,True
2022-10-10,121109.4973449707,121109.4973449707,0,True
2022-10-11,121109.4973449707,121109.4973449707,0,True
2022-10-12,121109.4973449707,121109.4973449707,0,True
2022-10-13,121109.4973449707,121109.4973449707,0,True
2022-10-14,121109.4973449707,121109.4973449707,0,True
2022-10-17,121109.4973449707,121109.4973449707,0,True
2022-10-18,121109.4973449707,121109.4973449707,0,True
2022-10-19,121109.4973449707,121109.4973449707,0,True
2022-10-20,121109.4973449707,121109.4973449707,0,True
2022-10-21,121109.4973449707,121109.4973449707,0,True
2022-10-24,121109.4973449707,121109.4973449707,0,True
2022-10-25,121109.4973449707,121109.4973449707,0,True
2022-10-26,121109.4973449707,121109.4973449707,0,True
2022-10-27,121109.4973449707,121109.4973449707,0,True
2022-10-28,121109.4973449707,121109.4973449707,0,True
2022-10-31,121109.4973449707,121109.4973449707,0,True
2022-11-01,121109.4973449707,121109.4973449707,0,True
2022-11-02,121109.4973449707,121109.4973449707,0,True
2022-11-03,121109.4973449707,121109.4973449707,0,True
2022-11-04,121109.4973449707,121109.4973449707,0,True
2022-11-07,121109.4973449707,121109.4973449707,0,True
2022-11-08,121109.4973449707,121109.4973449707,0,True
2022-11-09,121109.4973449707,121109.4973449707,0,True
2022-11-10,121109.4973449707,121109.4973449707,0,True
2022-11-11,121109.4973449707,121109.4973449707,0,True
2022-11-14,121109.4973449707,121109.4973449707,0,True
2022-11-15,121109.4973449707,121109.4973449707,0,True
2022-11-16,121109.4973449707,121109.4973449707,0,True
2022-11-17,121109.4973449707,121109.4973449707,0,True
2022-11-18,121109.4973449707,121109.4973449707,0,True
2022-11-21,121109.4973449707,121109.4973449707,0,True
2022-11-22,121109.4973449707,121109.4973449707,0,True
2022-11-23,121109.4973449707,121109.4973449707,0,True
2022-11-25,121109.4973449707,121109.4973449707,0,True
2022-11-28,121109.4973449707,121109.4973449707,0,True
2022-11-29,121109.4973449707,121109.4973449707,0,True
2022-11-30,121109.4973449707,121109.4973449707,0,True
2022-12-01,121109.4973449707,121109.4973449707,0,True
2022-12-02,121109.4973449707,121109.4973449707,0,True
2022-12-05,121109.4973449707,121109.4973449707,0,True
2022-12-06,121109.4973449707,121109.4973449707,0,True
2022-12-07,121109.4973449707,121109.4973449707,0,True
2022-12-08,121109.4973449707,121109.4973449707,0,True
2022-12-09,121109.4973449707,121109.4973449707,0,True
2022-12-12,121109.4973449707,121109.4973449707,0,True
2022-12-13,121109.4973449707,121109.4973449707,0,True
2022-12-14,121109.4973449707,121109.4973449707,0,True
2022-12-15,121109.4973449707,121109.4973449707,0,True
2022-12-16,121109.4973449707,121109.4973449707,0,True
2022-12-19,121109.4973449707,121109.4973449707,0,True
2022-12-20,121109.4973449707,121109.4973449707,0,True
2022-12-21,121109.4973449707,121109.4973449707,0,True
2022-12-22,121109.4973449707,121109.4973449707,0,True
2022-12-23,121109.4973449707,121109.4973449707,0,True
2022-12-27,121109.4973449707,121109.4973449707,0,True
2022-12-28,121109.4973449707,121109.4973449707,0,True
2022-12-29,121109.4973449707,121109.4973449707,0,True
2022-12-30,121109.4973449707,121109.4973449707,0,True
2023-01-03,121109.4973449707,121109.4973449707,0,True
2023-01-04,121109.4973449707,121109.4973449707,0,True
2023-01-05,121109.4973449707,121109.4973449707,0,True
2023-01-06,121109.4973449707,121109.4973449707,0,True
2023-01-09,121109.4973449707,121109.4973449707,0,True
2023-01-10,121109.4973449707,121109.4973449707,0,True
2023-01-11,121109.4973449707,121109.4973449707,0,True
2023-01-12,121109.4973449707,121109.4973449707,0,True
2023-01-13,121109.4973449707,121109.4973449707,0,True
2023-01-17,121109.4973449707,121109.4973449707,0,True
2023-01-18,121109.4973449707,121109.4973449707,0,True
2023-01-19,121109.4973449707,121109.4973449707,0,True
2023-01-20,121109.4973449707,121109.4973449707,0,True
2023-01-23,121109.4973449707,121109.4973449707,0,True
2023-01-24,121109.4973449707,121109.4973449707,0,True
2023-01-25,121109.4973449707,121109.4973449707,0,True
2023-01-26,121109.4973449707,121109.4973449707,0,True
2023-01-27,121109.4973449707,121109.4973449707,0,True
2023-01-30,121109.4973449707,121109.4973449707,0,True
2023-01-31,121109.4973449707,121109.4973449707,0,True
2023-02-01,121109.4973449707,121109.4973449707,0,True
2023-02-02,121109.4973449707,121109.4973449707,0,True
2023-02-03,121109.4973449707,121109.4973449707,0,True
2023-02-06,121109.4973449707,121109.4973449707,0,True
2023-02-07,121109.4973449707,121109.4973449707,0,True
2023-02-08,121109.4973449707,121109.4973449707,0,True
2023-02-09,121109.4973449707,121109.4973449707,0,True
2023-02-10,121109.4973449707,121109.4973449707,0,True
2023-02-13,121109.4973449707,121109.4973449707,0,True
2023-02-14,121109.4973449707,121109.4973449707,0,True
2023-02-15,121109.4973449707,121109.4973449707,0,True
2023-02-16,121109.4973449707,121109.4973449707,0,True
2023-02-17,121109.4973449707,121109.4973449707,0,True
2023-02-21,121109.4973449707,121109.4973449707,0,True
2023-02-22,121109.4973449707,121109.4973449707,0,True
2023-02-23,121109.4973449707,121109.4973449707,0,True
2023-02-24,121109.4973449707,121109.4973449707,0,True
2023-02-27,121109.4973449707,121109.4973449707,0,True
2023-02-28,121109.4973449707,121109.4973449707,0,True
2023-03-01,121109.4973449707,121109.4973449707,0,True
2023-03-02,121109.4973449707,121109.4973449707,0,True
2023-03-03,121109.4973449707,121109.4973449707,0,True
2023-03-06,121109.4973449707,121109.4973449707,0,True
2023-03-07,121109.4973449707,121109.4973449707,0,True
2023-03-08,121109.4973449707,121109.4973449707,0,True
2023-03-09,121109.4973449707,121109.4973449707,0,True
2023-03-10,121109.4973449707,121109.4973449707,0,True
2023-03-13,121109.4973449707,121109.4973449707,0,True
2023-03-14,121109.4973449707,121109.4973449707,0,True
2023-03-15,121109.4973449707,121109.4973449707,0,True
2023-03-16,121109.4973449707,121109.4973449707,0,True
2023-03-17,121109.4973449707,121109.4973449707,0,True
2023-03-20,121109.4973449707,121109.4973449707,0,True
2023-03-21,121109.4973449707,121109.4973449707,0,True
2023-03-22,121109.4973449707,121109.4973449707,0,True
2023-03-23,121109.4973449707,121109.4973449707,0,True
2023-03-24,121109.4973449707,121109.4973449707,0,True
2023-03-27,121109.4973449707,121109.4973449707,0,True
2023-03-28,121109.4973449707,121109.4973449707,0,True
2023-03-29,121109.4973449707,121109.4973449707,0,True
2023-03-30,121109.4973449707,121109.4973449707,0,True
2023-03-31,121109.4973449707,121109.4973449707,0,True
2023-04-03,121109.4973449707,121109.4973449707,0,True
2023-04-04,121109.4973449707,121109.4973449707,0,True
2023-04-05,121109.4973449707,121109.4973449707,0,True
2023-04-06,121109.4973449707,121109.4973449707,0,True
2023-04-10,121109.4973449707,121109.4973449707,0,True
2023-04-11,121109.4973449707,121109.4973449707,0,True
2023-04-12,121109.4973449707,121109.4973449707,0,True
2023-04-13,121109.4973449707,121109.4973449707,0,True
2023-04-14,121109.4973449707,121109.4973449707,0,True
2023-04-17,121109.4973449707,121109.4973449707,0,True
2023-04-18,121109.4973449707,121109.4973449707,0,True
2023-04-19,121109.4973449707,121109.4973449707,0,True
2023-04-20,121109.4973449707,121109.4973449707,0,True
2023-04-21,121109.4973449707,121109.4973449707,0,True
2023-04-24,121109.4973449707,121109.4973449707,0,True
2023-04-25,121109.4973449707,121109.4973449707,0,True
2023-04-26,121109.4973449707,121109.4973449707,0,True
2023-04-27,121109.4973449707,121109.4973449707,0,True
2023-04-28,121109.4973449707,121109.4973449707,0,True
2023-05-01,121109.4973449707,121109.4973449707,0,True
2023-05-02,121109.4973449707,121109.4973449707,0,True
2023-05-03,121109.4973449707,121109.4973449707,0,True
2023-05-04,121109.4973449707,121109.4973449707,0,True
2023-05-05,121109.4973449707,121109.4973449707,0,True
2023-05-08,121109.4973449707,121109.4973449707,0,True
2023-05-09,121109.4973449707,121109.4973449707,0,True
2023-05-10,121109.4973449707,121109.4973449707,0,True
2023-05-11,121109.4973449707,121109.4973449707,0,True
2023-05-12,121109.4973449707,121109.4973449707,0,True
2023-05-15,121109.4973449707,121109.4973449707,0,True
2023-05-16,121109.4973449707,121109.4973449707,0,True
2023-05-17,121109.4973449707,121109.4973449707,0,True
2023-05-18,121109.4973449707,121109.4973449707,0,True
2023-05-19,121109.4973449707,121109.4973449707,0,True
2023-05-22,121109.4973449707,121109.4973449707,0,True
2023-05-23,121109.4973449707,121109.4973449707,0,True
2023-05-24,121109.4973449707,121109.4973449707,0,True
2023-05-25,121109.4973449707,121109.4973449707,0,True
2023-05-26,121109.4973449707,121109.4973449707,0,True
2023-05-30,121109.4973449707,121109.4973449707,0,True
2023-05-31,121109.4973449707,121109.4973449707,0,True
2023-06-01,121109.4973449707,121109.4973449707,0,True
2023-06-02,121109.4973449707,121109.4973449707,0,True
2023-06-05,121109.4973449707,121109.4973449707,0,True
2023-06-06,121109.4973449707,121109.4973449707,0,True
2023-06-07,121109.4973449707,121109.4973449707,0,True
2023-06-08,121109.4973449707,121109.4973449707,0,True
2023-06-09,121109.4973449707,121109.4973449707,0,True
2023-06-12,121109.4973449707,121109.4973449707,0,True
2023-06-13,121109.4973449707,121109.4973449707,0,True
2023-06-14,121109.4973449707,121109.4973449707,0,True
2023-06-15,121109.4973449707,121109.4973449707,0,True
2023-06-16,121109.4973449707,121109.4973449707,0,True
2023-06-20,121109.4973449707,121109.4973449707,0,True
2023-06-21,121109.4973449707,121109.4973449707,0,True
2023-06-22,121109.4973449707,121109.4973449707,0,True
2023-06-23,121109.4973449707,121109.4973449707,0,True
2023-06-26,121109.4973449707,121109.4973449707,0,True
2023-06-27,121109.4973449707,121109.4973449707,0,True
2023-06-28,121109.4973449707,121109.4973449707,0,True
2023-06-29,121109.4973449707,121109.4973449707,0,True
2023-06-30,121109.4973449707,121109.4973449707,0,True
2023-07-03,121109.4973449707,121109.4973449707,0,True
2023-07-05,121109.4973449707,121109.4973449707,0,True
2023-07-06,121109.4973449707,121109.4973449707,0,True
2023-07-07,121109.4973449707,121109.4973449707,0,True
2023-07-10,121109.4973449707,121109.4973449707,0,True
2023-07-11,121109.4973449707,121109.4973449707,0,True
2023-07-12,121109.4973449707,121109.4973449707,0,True
2023-07-13,121109.4973449707,121109.4973449707,0,True
2023-07-14,121109.4973449707,121109.4973449707,0,True
2023-07-17,121109.4973449707,121109.4973449707,0,True
2023-07-18,121109.4973449707,121109.4973449707,0,True
2023-07-19,121109.4973449707,121109.4973449707,0,True
2023-07-20,121109.4973449707,121109.4973449707,0,True
2023-07-21,121109.4973449707,121109.4973449707,0,True
2023-07-24,121109.4973449707,121109.4973449707,0,True
2023-07-25,121109.4973449707,121109.4973449707,0,True
2023-07-26,121109.4973449707,121109.4973449707,0,True
2023-07-27,121109.4973449707,121109.4973449707,0,True
2023-07-28,121109.4973449707,121109.4973449707,0,True
2023-07-31,121109.4973449707,121109.4973449707,0,True
2023-08-01,121109.4973449707,121109.4973449707,0,True
2023-08-02,121109.4973449707,121109.4973449707,0,True
2023-08-03,121109.4973449707,121109.4973449707,0,True
2023-08-04,121109.4973449707,121109.4973449707,0,True
2023-08-07,121109.4973449707,121109.4973449707,0,True
2023-08-08,121109.4973449707,121109.4973449707,0,True
2023-08-09,121109.4973449707,121109.4973449707,0,True
2023-08-10,121109.4973449707,121109.4973449707,0,True
2023-08-11,121109.4973449707,121109.4973449707,0,True
2023-08-14,121109.4973449707,121109.4973449707,0,True
2023-08-15,121109.4973449707,121109.4973449707,0,True
2023-08-16,121109.4973449707,121109.4973449707,0,True
2023-08-17,121109.4973449707,121109.4973449707,0,True
2023-08-18,121109.4973449707,121109.4973449707,0,True
2023-08-21,121109.4973449707,121109.4973449707,0,True
2023-08-22,121109.4973449707,121109.4973449707,0,True
2023-08-23,121109.4973449707,121109.4973449707,0,True
2023-08-24,121109.4973449707,121109.4973449707,0,True
2023-08-25,121109.4973449707,121109.4973449707,0,True
2023-08-28,121109.4973449707,121109.4973449707,0,True
2023-08-29,121109.4973449707,121109.4973449707,0,True
2023-08-30,121109.4973449707,121109.4973449707,0,True
2023-08-31,121109.4973449707,121109.4973449707,0,True
2023-09-01,121109.4973449707,121109.4973449707,0,True
2023-09-05,121109.4973449707,121109.4973449707,0,True
2023-09-06,121109.4973449707,121109.4973449707,0,True
2023-09-07,121109.4973449707,121109.4973449707,0,True
2023-09-08,121109.4973449707,121109.4973449707,0,True
2023-09-11,121109.4973449707,121109.4973449707,0,True
2023-09-12,121109.4973449707,121109.4973449707,0,True
2023-09-13,121109.4973449707,121109.4973449707,0,True
2023-09-14,121109.4973449707,121109.4973449707,0,True
2023-09-15,121109.4973449707,121109.4973449707,0,True
2023-09-18,121109.4973449707,121109.4973449707,0,True
2023-09-19,121109.4973449707,121109.4973449707,0,True
2023-09-20,121109.4973449707,121109.4973449707,0,True
2023-09-21,121109.4973449707,121109.4973449707,0,True
2023-09-22,121109.4973449707,121109.4973449707,0,True
2023-09-25,121109.4973449707,121109.4973449707,0,True
2023-09-26,121109.4973449707,121109.4973449707,0,True
2023-09-27,121109.4973449707,121109.4973449707,0,True
2023-09-28,121109.4973449707,121109.4973449707,0,True
2023-09-29,121109.4973449707,121109.4973449707,0,True
2023-10-02,121109.4973449707,121109.4973449707,0,True
2023-10-03,121109.4973449707,121109.4973449707,0,True
2023-10-04,121109.4973449707,121109.4973449707,0,True
2023-10-05,121109.4973449707,121109.4973449707,0,True
2023-10-06,121109.4973449707,121109.4973449707,0,True
2023-10-09,121109.4973449707,121109.4973449707,0,True
2023-10-10,121109.4973449707,121109.4973449707,0,True
2023-10-11,121109.4973449707,121109.4973449707,0,True
2023-10-12,121109.4973449707,121109.4973449707,0,True
2023-10-13,121109.4973449707,121109.4973449707,0,True
2023-10-16,121109.4973449707,121109.4973449707,0,True
2023-10-17,121109.4973449707,121109.4973449707,0,True
2023-10-18,121109.4973449707,121109.4973449707,0,True
2023-10-19,121109.4973449707,121109.4973449707,0,True
2023-10-20,121109.4973449707,121109.4973449707,0,True
2023-10-23,121109.4973449707,121109.4973449707,0,True
2023-10-24,121109.4973449707,121109.4973449707,0,True
2023-10-25,121109.4973449707,121109.4973449707,0,True
2023-10-26,121109.4973449707,121109.4973449707,0,True
2023-10-27,121109.4973449707,121109.4973449707,0,True
2023-10-30,121109.4973449707,121109.4973449707,0,True
2023-10-31,121109.4973449707,121109.4973449707,0,True
2023-11-01,121109.4973449707,121109.4973449707,0,True
2023-11-02,121109.4973449707,121109.4973449707,0,True
2023-11-03,121109.4973449707,121109.4973449707,0,True
2023-11-06,121109.4973449707,121109.4973449707,0,True
2023-11-07,121109.4973449707,121109.4973449707,0,True
2023-11-08,121109.4973449707,121109.4973449707,0,True
2023-11-09,121109.4973449707,121109.4973449707,0,True
2023-11-10,121109.4973449707,121109.4973449707,0,True
2023-11-13,121109.4973449707,121109.4973449707,0,True
2023-11-14,121109.4973449707,121109.4973449707,0,True
2023-11-15,121109.4973449707,121109.4973449707,0,True
2023-11-16,121109.4973449707,121109.4973449707,0,True
2023-11-17,121109.4973449707,121109.4973449707,0,True
2023-11-20,121109.4973449707,121109.4973449707,0,True
2023-11-21,121109.4973449707,121109.4973449707,0,True
2023-11-22,121109.4973449707,121109.4973449707,0,True
2023-11-24,121109.4973449707,121109.4973449707,0,True
2023-11-27,121109.4973449707,121109.4973449707,0,True
2023-11-28,121109.4973449707,121109.4973449707,0,True
2023-11-29,121109.4973449707,121109.4973449707,0,True
2023-11-30,121109.4973449707,121109.4973449707,0,True
2023-12-01,121109.4973449707,121109.4973449707,0,True
2023-12-04,121109.4973449707,121109.4973449707,0,True
2023-12-05,121109.4973449707,121109.4973449707,0,True
2023-12-06,121109.4973449707,121109.4973449707,0,True
2023-12-07,121109.4973449707,121109.4973449707,0,True
2023-12-08,121109.4973449707,121109.4973449707,0,True
2023-12-11,121109.4973449707,121109.4973449707,0,True
2023-12-12,121109.4973449707,121109.4973449707,0,True
2023-12-13,121109.4973449707,121109.4973449707,0,True
2023-12-14,121109.4973449707,121109.4973449707,0,True
2023-12-15,121109.4973449707,121109.4973449707,0,True
2023-12-18,121109.4973449707,121109.4973449707,0,True
2023-12-19,121109.4973449707,121109.4973449707,0,True
2023-12-20,121109.4973449707,121109.4973449707,0,True
2023-12-21,121109.4973449707,121109.4973449707,0,True
2023-12-22,121109.4973449707,121109.4973449707,0,True
2023-12-26,121109.4973449707,121109.4973449707,0,True
2023-12-27,121109.4973449707,121109.4973449707,0,True
2023-12-28,121109.4973449707,121109.4973449707,0,True
2023-12-29,121109.4973449707,121109.4973449707,0,True
2024-01-02,121109.4973449707,121109.4973449707,0,True
2024-01-03,121109.4973449707,121109.4973449707,0,True
2024-01-04,121109.4973449707,121109.4973449707,0,True
2024-01-05,121109.4973449707,121109.4973449707,0,True
2024-01-08,121109.4973449707,121109.4973449707,0,True
2024-01-09,121109.4973449707,121109.4973449707,0,True
2024-01-10,121109.4973449707,121109.4973449707,0,True
2024-01-11,121109.4973449707,121109.4973449707,0,True
2024-01-12,121109.4973449707,121109.4973449707,0,True
2024-01-16,121109.4973449707,121109.4973449707,0,True
2024-01-17,121109.4973449707,121109.4973449707,0,True
2024-01-18,121109.4973449707,121109.4973449707,0,True
2024-01-19,121109.4973449707,121109.4973449707,0,True
2024-01-22,121109.4973449707,121109.4973449707,0,True
2024-01-23,121109.4973449707,121109.4973449707,0,True
2024-01-24,121109.4973449707,121109.4973449707,0,True
2024-01-25,121109.4973449707,121109.4973449707,0,True
2024-01-26,121109.4973449707,121109.4973449707,0,True
2024-01-29,121109.4973449707,121109.4973449707,0,True
2024-01-30,121109.4973449707,121109.4973449707,0,True
2024-01-31,121109.4973449707,121109.4973449707,0,True
2024-02-01,121109.4973449707,121109.4973449707,0,True
2024-02-02,121109.4973449707,121109.4973449707,0,True
2024-02-05,121109.4973449707,121109.4973449707,0,True
2024-02-06,121109.4973449707,121109.4973449707,0,True
2024-02-07,121109.4973449707,121109.4973449707,0,True
2024-02-08,121109.4973449707,121109.4973449707,0,True
2024-02-09,121109.4973449707,121109.4973449707,0,True
2024-02-12,121109.4973449707,121109.4973449707,0,True
2024-02-13,121109.4973449707,121109.4973449707,0,True
2024-02-14,121109.4973449707,121109.4973449707,0,True
2024-02-15,121109.4973449707,121109.4973449707,0,True
2024-02-16,121109.4973449707,121109.4973449707,0,True
2024-02-20,121109.4973449707,121109.4973449707,0,True
2024-02-21,121109.4973449707,121109.4973449707,0,True
2024-02-22,121109.4973449707,121109.4973449707,0,True
2024-02-23,121109.4973449707,121109.4973449707,0,True
2024-02-26,121109.4973449707,121109.4973449707,0,True
2024-02-27,121109.4973449707,121109.4973449707,0,True
2024-02-28,121109.4973449707,121109.4973449707,0,True
2024-02-29,121109.4973449707,121109.4973449707,0,True
2024-03-01,121109.4973449707,121109.4973449707,0,True
2024-03-04,121109.4973449707,121109.4973449707,0,True
2024-03-05,121109.4973449707,121109.4973449707,0,True
2024-03-06,121109.4973449707,121109.4973449707,0,True
2024-03-07,121109.4973449707,121109.4973449707,0,True
2024-03-08,121109.4973449707,121109.4973449707,0,True
2024-03-11,121109.4973449707,121109.4973449707,0,True
2024-03-12,121109.4973449707,121109.4973449707,0,True
2024-03-13,121109.4973449707,121109.4973449707,0,True
2024-03-14,121109.4973449707,121109.4973449707,0,True
2024-03-15,121109.4973449707,121109.4973449707,0,True
2024-03-18,121109.4973449707,121109.4973449707,0,True
2024-03-19,121109.4973449707,121109.4973449707,0,True
2024-03-20,121109.4973449707,121109.4973449707,0,True
2024-03-21,121109.4973449707,121109.4973449707,0,True
2024-03-22,121109.4973449707,121109.4973449707,0,True
2024-03-25,121109.4973449707,121109.4973449707,0,True
2024-03-26,121109.4973449707,121109.4973449707,0,True
2024-03-27,121109.4973449707,121109.4973449707,0,True
2024-03-28,121109.4973449707,121109.4973449707,0,True
2024-04-01,121109.4973449707,121109.4973449707,0,True
2024-04-02,121109.4973449707,121109.4973449707,0,True
2024-04-03,121109.4973449707,121109.4973449707,0,True
2024-04-04,121109.4973449707,121109.4973449707,0,True
2024-04-05,121109.4973449707,121109.4973449707,0,True
2024-04-08,121109.4973449707,121109.4973449707,0,True
2024-04-09,121109.4973449707,121109.4973449707,0,True
2024-04-10,121109.4973449707,121109.4973449707,0,True
2024-04-11,121109.4973449707,121109.4973449707,0,True
2024-04-12,121109.4973449707,121109.4973449707,0,True
2024-04-15,121109.4973449707,121109.4973449707,0,True
2024-04-16,121109.4973449707,121109.4973449707,0,True
2024-04-17,121109.4973449707,121109.4973449707,0,True
2024-04-18,121109.4973449707,121109.4973449707,0,True
2024-04-19,121109.4973449707,121109.4973449707,0,True
2024-04-22,121109.4973449707,121109.4973449707,0,True
2024-04-23,121109.4973449707,121109.4973449707,0,True
2024-04-24,121109.4973449707,121109.4973449707,0,True
2024-04-25,121109.4973449707,121109.4973449707,0,True
2024-04-26,121109.4973449707,121109.4973449707,0,True
2024-04-29,121109.4973449707,121109.4973449707,0,True
2024-04-30,121109.4973449707,121109.4973449707,0,True
2024-05-01,121109.4973449707,121109.4973449707,0,True
2024-05-02,121109.4973449707,121109.4973449707,0,True
2024-05-03,121109.4973449707,121109.4973449707,0,True
2024-05-06,121109.4973449707,121109.4973449707,0,True
2024-05-07,121109.4973449707,121109.4973449707,0,True
2024-05-08,121109.4973449707,121109.4973449707,0,True
2024-05-09,121109.4973449707,121109.4973449707,0,True
2024-05-10,121109.4973449707,121109.4973449707,0,True
2024-05-13,121109.4973449707,121109.4973449707,0,True
2024-05-14,121109.4973449707,121109.4973449707,0,True
2024-05-15,121109.4973449707,121109.4973449707,0,True
2024-05-16,121109.4973449707,121109.4973449707,0,True
2024-05-17,121109.4973449707,121109.4973449707,0,True
2024-05-20,121109.4973449707,121109.4973449707,0,True
2024-05-21,121109.4973449707,121109.4973449707,0,True
2024-05-22,121109.4973449707,121109.4973449707,0,True
2024-05-23,121109.4973449707,121109.4973449707,0,True
2024-05-24,121109.4973449707,121109.4973449707,0,True
2024-05-28,121109.4973449707,121109.4973449707,0,True
2024-05-29,121109.4973449707,121109.4973449707,0,True
2024-05-30,121109.4973449707,121109.4973449707,0,True
2024-05-31,121109.4973449707,121109.4973449707,0,True
2024-06-03,121109.4973449707,121109.4973449707,0,True
2024-06-04,121109.4973449707,121109.4973449707,0,True
2024-06-05,121109.4973449707,121109.4973449707,0,True
2024-06-06,121109.4973449707,121109.4973449707,0,True
2024-06-07,121109.4973449707,121109.4973449707,0,True
2024-06-10,121109.4973449707,121109.4973449707,0,True
2024-06-11,121109.4973449707,121109.4973449707,0,True
2024-06-12,121109.4973449707,121109.4973449707,0,True
2024-06-13,121109.4973449707,121109.4973449707,0,True
2024-06-14,121109.4973449707,121109.4973449707,0,True
2024-06-17,121109.4973449707,121109.4973449707,0,True
2024-06-18,121109.4973449707,121109.4973449707,0,True
2024-06-20,121109.4973449707,121109.4973449707,0,True
2024-06-21,121109.4973449707,121109.4973449707,0,True
2024-06-24,121109.4973449707,121109.4973449707,0,True
2024-06-25,121109.4973449707,121109.4973449707,0,True
2024-06-26,121109.4973449707,121109.4973449707,0,True
2024-06-27,121109.4973449707,121109.4973449707,0,True
2024-06-28,121109.4973449707,121109.4973449707,0,True
2024-07-01,121109.4973449707,121109.4973449707,0,True
2024-07-02,121109.4973449707,121109.4973449707,0,True
2024-07-03,121109.4973449707,121109.4973449707,0,True
2024-07-05,121109.4973449707,121109.4973449707,0,True
2024-07-08,121109.4973449707,121109.4973449707,0,True
2024-07-09,121109.4973449707,121109.4973449707,0,True
2024-07-10,121109.4973449707,121109.4973449707,0,True
2024-07-11,121109.4973449707,121109.4973449707,0,True
2024-07-12,121109.4973449707,121109.4973449707,0,True
2024-07-15,121109.4973449707,121109.4973449707,0,True
2024-07-16,121109.4973449707,121109.4973449707,0,True
2024-07-17,121109.4973449707,121109.4973449707,0,True
2024-07-18,121109.4973449707,121109.4973449707,0,True
2024-07-19,121109.4973449707,121109.4973449707,0,True
2024-07-22,121109.4973449707,121109.4973449707,0,True
2024-07-23,121109.4973449707,121109.4973449707,0,True
2024-07-24,121109.4973449707,121109.4973449707,0,True
2024-07-25,121109.4973449707,121109.4973449707,0,True
2024-07-26,121109.4973449707,121109.4973449707,0,True
2024-07-29,121109.4973449707,121109.4973449707,0,True
2024-07-30,121109.4973449707,121109.4973449707,0,True
2024-07-31,121109.4973449707,121109.4973449707,0,True
2024-08-01,121109.4973449707,121109.4973449707,0,True
2024-08-02,121109.4973449707,121109.4973449707,0,True
2024-08-05,121109.4973449707,121109.4973449707,0,True
2024-08-06,121109.4973449707,121109.4973449707,0,True
2024-08-07,121109.4973449707,121109.4973449707,0,True
2024-08-08,121109.4973449707,121109.4973449707,0,True
2024-08-09,121109.4973449707,121109.4973449707,0,True
2024-08-12,121109.4973449707,121109.4973449707,0,True
2024-08-13,121109.4973449707,121109.4973449707,0,True
2024-08-14,121109.4973449707,121109.4973449707,0,True
2024-08-15,121109.4973449707,121109.4973449707,0,True
2024-08-16,121109.4973449707,121109.4973449707,0,True
2024-08-19,121109.4973449707,121109.4973449707,0,True
2024-08-20,121109.4973449707,121109.4973449707,0,True
2024-08-21,121109.4973449707,121109.4973449707,0,True
2024-08-22,121109.4973449707,121109.4973449707,0,True
2024-08-23,121109.4973449707,121109.4973449707,0,True
2024-08-26,121109.4973449707,121109.4973449707,0,True
2024-08-27,121109.4973449707,121109.4973449707,0,True
2024-08-28,121109.4973449707,121109.4973449707,0,True
2024-08-29,121109.4973449707,121109.4973449707,0,True
2024-08-30,121109.4973449707,121109.4973449707,0,True
2024-09-03,121109.4973449707,121109.4973449707,0,True
2024-09-04,121109.4973449707,121109.4973449707,0,True
2024-09-05,121109.4973449707,121109.4973449707,0,True
2024-09-06,121109.4973449707,121109.4973449707,0,True
2024-09-09,121109.4973449707,121109.4973449707,0,True
2024-09-10,121109.4973449707,121109.4973449707,0,True
2024-09-11,121109.4973449707,121109.4973449707,0,True
2024-09-12,121109.4973449707,121109.4973449707,0,True
2024-09-13,121109.4973449707,121109.4973449707,0,True
2024-09-16,121109.4973449707,121109.4973449707,0,True
2024-09-17,121109.4973449707,121109.4973449707,0,True
2024-09-18,121109.4973449707,121109.4973449707,0,True
2024-09-19,121109.4973449707,121109.4973449707,0,True
2024-09-20,121109.4973449707,121109.4973449707,0,True
2024-09-23,121109.4973449707,121109.4973449707,0,True
2024-09-24,121109.4973449707,121109.4973449707,0,True
2024-09-25,121109.4973449707,121109.4973449707,0,True
2024-09-26,121109.4973449707,121109.4973449707,0,True
2024-09-27,121109.4973449707,121109.4973449707,0,True
2024-09-30,121109.4973449707,121109.4973449707,0,True
2024-10-01,121109.4973449707,121109.4973449707,0,True
2024-10-02,121109.4973449707,121109.4973449707,0,True
2024-10-03,121109.4973449707,121109.4973449707,0,True
2024-10-04,121109.4973449707,121109.4973449707,0,True
2024-10-07,121109.4973449707,121109.4973449707,0,True
2024-10-08,121109.4973449707,121109.4973449707,0,True
2024-10-09,121109.4973449707,121109.4973449707,0,True
2024-10-10,121109.4973449707,121109.4973449707,0,True
2024-10-11,121109.4973449707,121109.4973449707,0,True
2024-10-14,121109.4973449707,121109.4973449707,0,True
2024-10-15,121109.4973449707,121109.4973449707,0,True
2024-10-16,121109.4973449707,121109.4973449707,0,True
2024-10-17,121109.4973449707,121109.4973449707,0,True
2024-10-18,121109.4973449707,121109.4973449707,0,True
2024-10-21,121109.4973449707,121109.4973449707,0,True
2024-10-22,121109.4973449707,121109.4973449707,0,True
2024-10-23,121109.4973449707,121109.4973449707,0,True
2024-10-24,121109.4973449707,121109.4973449707,0,True
2024-10-25,121109.4973449707,121109.4973449707,0,True
2024-10-28,121109.4973449707,121109.4973449707,0,True
2024-10-29,121109.4973449707,121109.4973449707,0,True
2024-10-30,121109.4973449707,121109.4973449707,0,True
2024-10-31,121109.4973449707,121109.4973449707,0,True
2024-11-01,121109.4973449707,121109.4973449707,0,True
2024-11-04,121109.4973449707,121109.4973449707,0,True
2024-11-05,121109.4973449707,121109.4973449707,0,True
2024-11-06,121109.4973449707,121109.4973449707,0,True
2024-11-07,121109.4973449707,121109.4973449707,0,True
2024-11-08,121109.4973449707,121109.4973449707,0,True
2024-11-11,121109.4973449707,121109.4973449707,0,True
2024-11-12,121109.4973449707,121109.4973449707,0,True
2024-11-13,121109.4973449707,121109.4973449707,0,True
2024-11-14,121109.4973449707,121109.4973449707,0,True
2024-11-15,121109.4973449707,121109.4973449707,0,True
2024-11-18,121109.4973449707,121109.4973449707,0,True
2024-11-19,121109.4973449707,121109.4973449707,0,True
2024-11-20,121109.4973449707,121109.4973449707,0,True
2024-11-21,121109.4973449707,121109.4973449707,0,True
2024-11-22,121109.4973449707,121109.4973449707,0,True
2024-11-25,121109.4973449707,121109.4973449707,0,True
2024-11-26,121109.4973449707,121109.4973449707,0,True
2024-11-27,121109.4973449707,121109.4973449707,0,True
2024-11-29,121109.4973449707,121109.4973449707,0,True
2024-12-02,121109.4973449707,121109.4973449707,0,True
2024-12-03,121109.4973449707,121109.4973449707,0,True
2024-12-04,121109.4973449707,121109.4973449707,0,True
2024-12-05,121109.4973449707,121109.4973449707,0,True
2024-12-06,121109.4973449707,121109.4973449707,0,True
2024-12-09,121109.4973449707,121109.4973449707,0,True
2024-12-10,121109.4973449707,121109.4973449707,0,True
2024-12-11,121109.4973449707,121109.4973449707,0,True
2024-12-12,121109.4973449707,121109.4973449707,0,True
2024-12-13,121109.4973449707,121109.4973449707,0,True
2024-12-16,121109.4973449707,121109.4973449707,0,True
2024-12-17,121109.4973449707,121109.4973449707,0,True
2024-12-18,121109.4973449707,121109.4973449707,0,True
2024-12-19,121109.4973449707,121109.4973449707,0,True
2024-12-20,121109.4973449707,121109.4973449707,0,True
2024-12-23,121109.4973449707,121109.4973449707,0,True
2024-12-24,121109.4973449707,121109.4973449707,0,True
2024-12-26,121109.4973449707,121109.4973449707,0,True
2024-12-27,121109.4973449707,121109.4973449707,0,True
2024-12-30,121109.4973449707,121109.4973449707,0,True
2024-12-31,121109.4973449707,121109.4973449707,0,True
2025-01-02,121109.4973449707,121109.4973449707,0,True
2025-01-03,121109.4973449707,121109.4973449707,0,True
2025-01-06,121109.4973449707,121109.4973449707,0,True
2025-01-07,121109.4973449707,121109.4973449707,0,True
2025-01-08,121109.4973449707,121109.4973449707,0,True
2025-01-10,121109.4973449707,121109.4973449707,0,True
2025-01-13,121109.4973449707,121109.4973449707,0,True
2025-01-14,121109.4973449707,121109.4973449707,0,True
2025-01-15,121109.4973449707,121109.4973449707,0,True
2025-01-16,121109.4973449707,121109.4973449707,0,True
2025-01-17,121109.4973449707,121109.4973449707,0,True
2025-01-21,121109.4973449707,121109.4973449707,0,True
2025-01-22,121109.4973449707,121109.4973449707,0,True
2025-01-23,121109.4973449707,121109.4973449707,0,True
2025-01-24,121109.4973449707,121109.4973449707,0,True
2025-01-27,121109.4973449707,121109.4973449707,0,True
2025-01-28,121109.4973449707,121109.4973449707,0,True
2025-01-29,121109.4973449707,121109.4973449707,0,True
2025-01-30,121109.4973449707,121109.4973449707,0,True
2025-01-31,121109.4973449707,121109.4973449707,0,True
2025-02-03,121109.4973449707,121109.4973449707,0,True
2025-02-04,121109.4973449707,121109.4973449707,0,True
2025-02-05,121109.4973449707,121109.4973449707,0,True
2025-02-06,121109.4973449707,121109.4973449707,0,True
2025-02-07,121109.4973449707,121109.4973449707,0,True
2025-02-10,121109.4973449707,121109.4973449707,0,True
2025-02-11,121109.4973449707,121109.4973449707,0,True
2025-02-12,121109.4973449707,121109.4973449707,0,True
2025-02-13,121109.4973449707,121109.4973449707,0,True
2025-02-14,121109.4973449707,121109.4973449707,0,True
2025-02-18,121109.4973449707,121109.4973449707,0,True
2025-02-19,121109.4973449707,121109.4973449707,0,True
2025-02-20,121109.4973449707,121109.4973449707,0,True
2025-02-21,121109.4973449707,121109.4973449707,0,True
2025-02-24,121109.4973449707,121109.4973449707,0,True
2025-02-25,121109.4973449707,121109.4973449707,0,True
2025-02-26,121109.4973449707,121109.4973449707,0,True
2025-02-27,121109.4973449707,121109.4973449707,0,True
2025-02-28,121109.4973449707,121109.4973449707,0,True
2025-03-03,121109.4973449707,121109.4973449707,0,True
2025-03-04,121109.4973449707,121109.4973449707,0,True
2025-03-05,121109.4973449707,121109.4973449707,0,True
2025-03-06,121109.4973449707,121109.4973449707,0,True
2025-03-07,121109.4973449707,121109.4973449707,0,True
2025-03-10,121109.4973449707,121109.4973449707,0,True
2025-03-11,121109.4973449707,121109.4973449707,0,True
2025-03-12,121109.4973449707,121109.4973449707,0,True
2025-03-13,121109.4973449707,121109.4973449707,0,True
2025-03-14,121109.4973449707,121109.4973449707,0,True
2025-03-17,121109.4973449707,121109.4973449707,0,True
2025-03-18,121109.4973449707,121109.4973449707,0,True
2025-03-19,121109.4973449707,121109.4973449707,0,True
2025-03-20,121109.4973449707,121109.4973449707,0,True
2025-03-21,121109.4973449707,121109.4973449707,0,True
2025-03-24,121109.4973449707,121109.4973449707,0,True
2025-03-25,121109.4973449707,121109.4973449707,0,True
2025-03-26,121109.4973449707,121109.4973449707,0,True
2025-03-27,121109.4973449707,121109.4973449707,0,True
2025-03-28,121109.4973449707,121109.4973449707,0,True
2025-03-31,121109.4973449707,121109.4973449707,0,True
2025-04-01,121109.4973449707,121109.4973449707,0,True
2025-04-02,121109.4973449707,121109.4973449707,0,True
2025-04-03,121109.4973449707,121109.4973449707,0,True
2025-04-04,121109.4973449707,121109.4973449707,0,True
2025-04-07,121109.4973449707,121109.4973449707,0,True
2025-04-08,121109.4973449707,121109.4973449707,0,True
2025-04-09,121109.4973449707,121109.4973449707,0,True
2025-04-10,121109.4973449707,121109.4973449707,0,True
2025-04-11,121109.4973449707,121109.4973449707,0,True
2025-04-14,121109.4973449707,121109.4973449707,0,True
2025-04-15,121109.4973449707,121109.4973449707,0,True
2025-04-16,121109.4973449707,121109.4973449707,0,True
2025-04-17,121109.4973449707,121109.4973449707,0,True
2025-04-21,121109.4973449707,121109.4973449707,0,True
2025-04-22,121109.4973449707,121109.4973449707,0,True
2025-04-23,121109.4973449707,121109.4973449707,0,True
2025-04-24,121109.4973449707,121109.4973449707,0,True
2025-04-25,121109.4973449707,121109.4973449707,0,True
2025-04-28,121109.4973449707,121109.4973449707,0,True
2025-04-29,121109.4973449707,121109.4973449707,0,True
2025-04-30,121109.4973449707,121109.4973449707,0,True
2025-05-01,121109.4973449707,121109.4973449707,0,True
2025-05-02,121109.4973449707,121109.4973449707,0,True
2025-05-05,121109.4973449707,121109.4973449707,0,True
2025-05-06,121109.4973449707,121109.4973449707,0,True
2025-05-07,121109.4973449707,121109.4973449707,0,True
2025-05-08,121109.4973449707,121109.4973449707,0,True
2025-05-09,121109.4973449707,121109.4973449707,0,True
2025-05-12,121109.4973449707,121109.4973449707,0,True
2025-05-13,121109.4973449707,121109.4973449707,0,True
2025-05-14,121109.4973449707,121109.4973449707,0,True
2025-05-15,121109.4973449707,121109.4973449707,0,True
2025-05-16,121109.4973449707,121109.4973449707,0,True
2025-05-19,121109.4973449707,121109.4973449707,0,True
2025-05-20,121109.4973449707,121109.4973449707,0,True
2025-05-21,121109.4973449707,121109.4973449707,0,True
2025-05-22,121109.4973449707,121109.4973449707,0,True
2025-05-23,121109.4973449707,121109.4973449707,0,True
2025-05-27,121109.4973449707,121109.4973449707,0,True
2025-05-28,121109.4973449707,121109.4973449707,0,True
2025-05-29,121109.4973449707,121109.4973449707,0,True
2025-05-30,121109.4973449707,121109.4973449707,0,True
2025-06-02,121109.4973449707,121109.4973449707,0,True
2025-06-03,121109.4973449707,121109.4973449707,0,True
2025-06-04,121109.4973449707,121109.4973449707,0,True
2025-06-05,121109.4973449707,121109.4973449707,0,True
2025-06-06,121109.4973449707,121109.4973449707,0,True
2025-06-09,121109.4973449707,121109.4973449707,0,True
2025-06-10,121109.4973449707,121109.4973449707,0,True
2025-06-11,121109.4973449707,121109.4973449707,0,True
2025-06-12,121109.4973449707,121109.4973449707,0,True
2025-06-13,121109.4973449707,121109.4973449707,0,True
2025-06-16,121109.4973449707,121109.4973449707,0,True
2025-06-17,121109.4973449707,121109.4973449707,0,True
2025-06-18,121109.4973449707,121109.4973449707,0,True
2025-06-20,121109.4973449707,121109.4973449707,0,True
2025-06-23,121109.4973449707,121109.4973449707,0,True
2025-06-24,121109.4973449707,121109.4973449707,0,True
2025-06-25,121109.4973449707,121109.4973449707,0,True
2025-06-26,121109.4973449707,121109.4973449707,0,True
2025-06-27,121109.4973449707,121109.4973449707,0,True
2025-06-30,121109.4973449707,121109.4973449707,0,True
2025-07-01,121109.4973449707,121109.4973449707,0,True
2025-07-02,121109.4973449707,121109.4973449707,0,True
2025-07-03,121109.4973449707,121109.4973449707,0,True
2025-07-07,121109.4973449707,121109.4973449707,0,True
2025-07-08,121109.4973449707,121109.4973449707,0,True
2025-07-09,121109.4973449707,121109.4973449707,0,True
2025-07-10,121109.4973449707,121109.4973449707,0,True
2025-07-11,121109.4973449707,121109.4973449707,0,True
2025-07-14,121109.4973449707,121109.4973449707,0,True
2025-07-15,121109.4973449707,121109.4973449707,0,True
2025-07-16,121109.4973449707,121109.4973449707,0,True
2025-07-17,121109.4973449707,121109.4973449707,0,True
2025-07-18,121109.4973449707,121109.4973449707,0,True
2025-07-21,121109.4973449707,121109.4973449707,0,True
2025-07-22,121109.4973449707,121109.4973449707,0,True
2025-07-23,121109.4973449707,121109.4973449707,0,True
2025-07-24,121109.4973449707,121109.4973449707,0,True
2025-07-25,121109.4973449707,121109.4973449707,0,True
2025-07-28,121109.4973449707,121109.4973449707,0,True
2025-07-29,121109.4973449707,121109.4973449707,0,True
2025-07-30,121109.4973449707,121109.4973449707,0,True
2025-07-31,121109.4973449707,121109.4973449707,0,True
2025-08-01,121109.4973449707,121109.4973449707,0,True
2025-08-04,121109.4973449707,121109.4973449707,0,True
2025-08-05,121109.4973449707,121109.4973449707,0,True
2025-08-06,121109.4973449707,121109.4973449707,0,True
2025-08-07,121109.4973449707,121109.4973449707,0,True
2025-08-08,121109.4973449707,121109.4973449707,0,True
2025-08-11,121109.4973449707,121109.4973449707,0,True
2025-08-12,121109.4973449707,121109.4973449707,0,True
2025-08-13,121109.4973449707,121109.4973449707,0,True
2025-08-14,121109.4973449707,121109.4973449707,0,True
2025-08-15,121109.4973449707,121109.4973449707,0,True
2025-08-18,121109.4973449707,121109.4973449707,0,True
2025-08-19,121109.4973449707,121109.4973449707,0,True
2025-08-20,121109.4973449707,121109.4973449707,0,True
2025-08-21,121109.4973449707,121109.4973449707,0,True
2025-08-22,121109.4973449707,121109.4973449707,0,True
2025-08-25,121109.4973449707,121109.4973449707,0,True
2025-08-26,121109.4973449707,121109.4973449707,0,True
2025-08-27,121109.4973449707,121109.4973449707,0,True
2025-08-28,121109.4973449707,121109.4973449707,0,True
2025-08-29,121109.4973449707,121109.4973449707,0,True
2025-09-02,121109.4973449707,121109.4973449707,0,True
2025-09-03,121109.4973449707,121109.4973449707,0,True
2025-09-04,121109.4973449707,121109.4973449707,0,True
2025-09-05,121109.4973449707,121109.4973449707,0,True
2025-09-08,121109.4973449707,121109.4973449707,0,True
2025-09-09,121109.4973449707,121109.4973449707,0,True
2025-09-10,121109.4973449707,121109.4973449707,0,True
2025-09-11,121109.4973449707,121109.4973449707,0,True
2025-09-12,121109.4973449707,121109.4973449707,0,True
2025-09-15,121109.4973449707,121109.4973449707,0,True
2025-09-16,121109.4973449707,121109.4973449707,0,True
2025-09-17,121109.4973449707,121109.4973449707,0,True
2025-09-18,121109.4973449707,121109.4973449707,0,True
2025-09-19,121109.4973449707,121109.4973449707,0,True
2025-09-22,121109.4973449707,121109.4973449707,0,True
2025-09-23,121109.4973449707,121109.4973449707,0,True
2025-09-24,121109.4973449707,121109.4973449707,0,True
2025-09-25,121109.4973449707,121109.4973449707,0,True
2025-09-26,121109.4973449707,121109.4973449707,0,True
2025-09-29,121109.4973449707,121109.4973449707,0,True
2025-09-30,121109.4973449707,121109.4973449707,0,True
2025-10-01,121109.4973449707,121109.4973449707,0,True
2025-10-02,121109.4973449707,121109.4973449707,0,True
2025-10-03,121109.4973449707,121109.4973449707,0,True
2025-10-06,121109.4973449707,121109.4973449707,0,True
2025-10-07,121109.4973449707,121109.4973449707,0,True
2025-10-08,121109.4973449707,121109.4973449707,0,True
2025-10-09,121109.4973449707,121109.4973449707,0,True
2025-10-10,121109.4973449707,121109.4973449707,0,True
2025-10-13,121109.4973449707,121109.4973449707,0,True
2025-10-14,121109.4973449707,121109.4973449707,0,True
2025-10-15,121109.4973449707,121109.4973449707,0,True
2025-10-16,121109.4973449707,121109.4973449707,0,True
2025-10-17,121109.4973449707,121109.4973449707,0,True
