date,equity,positions,cummax,drawdown
2023-01-03,300000.0,0,300000.0,0.0
2023-01-04,300000.0,0,300000.0,0.0
2023-01-05,300000.0,0,300000.0,0.0
2023-01-06,300000.0,0,300000.0,0.0
2023-01-09,300000.0,0,300000.0,0.0
2023-01-10,300000.0,0,300000.0,0.0
2023-01-11,300000.0,0,300000.0,0.0
2023-01-12,300000.0,0,300000.0,0.0
2023-01-13,300000.0,0,300000.0,0.0
2023-01-17,300000.0,0,300000.0,0.0
2023-01-18,300000.0,0,300000.0,0.0
2023-01-19,300000.0,0,300000.0,0.0
2023-01-20,300000.0,0,300000.0,0.0
2023-01-23,300000.0,0,300000.0,0.0
2023-01-24,300000.0,0,300000.0,0.0
2023-01-25,300000.0,0,300000.0,0.0
2023-01-26,300000.0,0,300000.0,0.0
2023-01-27,300000.0,0,300000.0,0.0
2023-01-30,300000.0,0,300000.0,0.0
2023-01-31,300000.0,0,300000.0,0.0
2023-02-01,300000.0,0,300000.0,0.0
2023-02-02,300000.0,0,300000.0,0.0
2023-02-03,300000.0,0,300000.0,0.0
2023-02-06,300000.0,0,300000.0,0.0
2023-02-07,300000.0,0,300000.0,0.0
2023-02-08,300000.0,0,300000.0,0.0
2023-02-09,300000.0,0,300000.0,0.0
2023-02-10,300000.0,0,300000.0,0.0
2023-02-13,300000.0,0,300000.0,0.0
2023-02-14,300000.0,0,300000.0,0.0
2023-02-15,300000.0,0,300000.0,0.0
2023-02-16,300000.0,0,300000.0,0.0
2023-02-17,300000.0,0,300000.0,0.0
2023-02-21,300000.0,0,300000.0,0.0
2023-02-22,300000.0,0,300000.0,0.0
2023-02-23,300000.0,0,300000.0,0.0
2023-02-24,300000.0,0,300000.0,0.0
2023-02-27,300000.0,0,300000.0,0.0
2023-02-28,300000.0,0,300000.0,0.0
2023-03-01,300000.0,0,300000.0,0.0
2023-03-02,300000.0,0,300000.0,0.0
2023-03-03,300000.0,0,300000.0,0.0
2023-03-06,300000.0,0,300000.0,0.0
2023-03-07,300000.0,0,300000.0,0.0
2023-03-08,300000.0,0,300000.0,0.0
2023-03-09,300000.0,0,300000.0,0.0
2023-03-10,300000.0,0,300000.0,0.0
2023-03-13,300000.0,0,300000.0,0.0
2023-03-14,300000.0,0,300000.0,0.0
2023-03-15,300000.0,0,300000.0,0.0
2023-03-16,300000.0,0,300000.0,0.0
2023-03-17,300171.09980746603,3,300171.09980746603,0.0
2023-03-20,301600.26138894534,3,301600.26138894534,0.0
2023-03-21,306027.39433404466,3,306027.39433404466,0.0
2023-03-22,311581.86686823424,3,311581.86686823424,0.0
2023-03-23,328550.7822823786,3,328550.7822823786,0.0
2023-03-24,319491.11119432,3,328550.7822823786,-2.7574644702175966
2023-03-27,312059.932028665,3,328550.7822823786,-5.0192698185512965
2023-03-28,305445.6629969912,3,328550.7822823786,-7.0324347197960115
2023-03-29,318297.0586957236,3,328550.7822823786,-3.120894589087373
2023-03-30,328249.6129475389,3,328550.7822823786,-0.09166599231556086
2023-03-31,336036.38639341114,3,336036.38639341114,0.0
2023-04-03,336170.254204654,3,336170.254204654,0.0
2023-04-04,328720.5967392097,3,336170.254204654,-2.216037074151447
2023-04-05,312397.0106240542,3,336170.254204654,-7.07178677567562
2023-04-06,316983.853129669,2,336170.254204654,-5.707346451689544
2023-04-10,328774.64288339415,3,336170.254204654,-2.199960058559365
2023-04-11,326580.24162913515,3,336170.254204654,-2.8527249081593777
2023-04-12,312711.54395106825,3,336170.254204654,-6.978223076008551
2023-04-13,320032.11160169885,3,336170.254204654,-4.800586131909985
2023-04-14,325510.44316862273,2,336170.254204654,-3.17095605655276
2023-04-17,323348.8449680384,3,336170.254204654,-3.8139630369587105
2023-04-18,324795.96651442075,3,336170.254204654,-3.383490224958695
2023-04-19,319334.0234464739,3,336170.254204654,-5.008245241094582
2023-04-20,305120.47988518456,3,336170.254204654,-9.236324133713197
2023-04-21,304974.3411056122,2,336170.254204654,-9.279795790632422
2023-04-24,303770.25592088496,2,336170.254204654,-9.63797298497581
2023-04-25,281155.25582524145,2,336170.254204654,-16.36521901962227
2023-04-26,281155.25582524145,0,336170.254204654,-16.36521901962227
2023-04-27,284323.436031421,1,336170.254204654,-15.42278578332206
2023-04-28,291743.78843441163,2,336170.254204654,-13.215466036800628
2023-05-01,307452.41247846885,2,336170.254204654,-8.542648068053724
2023-05-02,296365.462199267,2,336170.254204654,-11.840664516722715
2023-05-03,289966.43316793226,2,336170.254204654,-13.7441729179863
2023-05-04,284590.72309752955,2,336170.254204654,-15.343276349407118
2023-05-05,297169.59721783205,2,336170.254204654,-11.601459825496372
2023-05-08,303053.60309275147,2,336170.254204654,-9.85115449618031
2023-05-09,296320.8656556534,2,336170.254204654,-11.853930575529464
2023-05-10,299793.8442456165,2,336170.254204654,-10.820829476748479
2023-05-11,298969.7128010252,2,336170.254204654,-11.065982471186118
2023-05-12,296798.7342869405,1,336170.254204654,-11.711779797669102
2023-05-15,305585.10822895594,3,336170.254204654,-9.098111921906817
2023-05-16,311998.25587000523,3,336170.254204654,-7.190403681562301
2023-05-17,341835.31223564583,3,341835.31223564583,0.0
2023-05-18,395500.07024070615,3,395500.07024070615,0.0
2023-05-19,388334.5778702145,3,395500.07024070615,-1.8117550184329085
2023-05-22,393335.8119457114,3,395500.07024070615,-0.5472207106505884
2023-05-23,407641.7324153018,3,407641.7324153018,0.0
2023-05-24,406464.7932791079,2,407641.7324153018,-0.288719000682402
2023-05-25,517247.0315004813,3,517247.0315004813,0.0
2023-05-26,539435.7828646386,2,539435.7828646386,0.0
2023-05-30,563572.2456481468,2,563572.2456481468,0.0
2023-05-31,537624.7901572301,2,563572.2456481468,-4.604104565347319
2023-06-01,566550.0578595103,2,566550.0578595103,0.0
2023-06-02,568326.2769694858,2,568326.2769694858,0.0
2023-06-05,570531.9181215798,2,570531.9181215798,0.0
2023-06-06,568185.995156612,2,570531.9181215798,-0.4111817219081288
2023-06-07,556908.1603966852,2,570531.9181215798,-2.387904566277281
2023-06-08,597479.1217573177,3,597479.1217573177,0.0
2023-06-09,616096.1455823383,3,616096.1455823383,0.0
2023-06-12,636316.9182193532,2,636316.9182193532,0.0
2023-06-13,672251.2847829685,3,672251.2847829685,0.0
2023-06-14,684708.9348971532,3,684708.9348971532,0.0
2023-06-15,690918.6023753141,3,690918.6023753141,0.0
2023-06-16,695255.9559889099,3,695255.9559889099,0.0
2023-06-20,723283.9587226035,3,723283.9587226035,0.0
2023-06-21,670038.6852823129,3,723283.9587226035,-7.361600212221962
2023-06-22,680992.8857478157,2,723283.9587226035,-5.847091237786931
2023-06-23,656447.9513081489,2,723283.9587226035,-9.240631788999455
2023-06-26,608861.2621527323,2,723283.9587226035,-15.81988584012755
2023-06-27,628660.2403264237,1,723283.9587226035,-13.082513064895757
2023-06-28,645958.1050424317,3,723283.9587226035,-10.690939947947617
2023-06-29,656717.3452734397,3,723283.9587226035,-9.203385841257642
2023-06-30,664921.0535483449,3,723283.9587226035,-8.069155201137564
2023-07-03,760295.2462405909,3,760295.2462405909,0.0
2023-07-05,762890.2824719854,3,762890.2824719854,0.0
2023-07-06,756716.1813660077,3,762890.2824719854,-0.8093039389585492
2023-07-07,756180.7886371907,3,762890.2824719854,-0.8794834577069233
2023-07-10,768607.2059497472,3,768607.2059497472,0.0
2023-07-11,826965.3506018486,3,826965.3506018486,0.0
2023-07-12,835034.9483890512,2,835034.9483890512,0.0
2023-07-13,870627.8751952669,3,870627.8751952669,0.0
2023-07-14,856322.4091018174,3,870627.8751952669,-1.6431206145611905
2023-07-17,925054.1029682688,3,925054.1029682688,0.0
2023-07-18,969971.2221815115,3,969971.2221815115,0.0
2023-07-19,961372.2891669434,3,969971.2221815115,-0.8865142406213503
2023-07-20,859476.8059565355,3,969971.2221815115,-11.391514892211827
2023-07-21,816830.1320273925,2,969971.2221815115,-15.788209655302696
2023-07-24,806857.5227835111,3,969971.2221815115,-16.816344203609454
2023-07-25,822414.9224086022,3,969971.2221815115,-15.212440987790144
2023-07-26,828553.1784414812,2,969971.2221815115,-14.579612312824533
2023-07-27,833721.2641167871,2,969971.2221815115,-14.046804167889817
2023-07-28,878973.1892264676,2,969971.2221815115,-9.381518840361565
2023-07-31,861290.4717893796,2,969971.2221815115,-11.204533485818649
2023-08-01,868991.1785598078,2,969971.2221815115,-10.410622636266952
2023-08-02,820401.5869793821,2,969971.2221815115,-15.420007499370975
2023-08-03,810193.82623052,2,969971.2221815115,-16.472385190113627
2023-08-04,790601.2020467032,3,969971.2221815115,-18.49230328002892
2023-08-07,799414.5327531403,2,969971.2221815115,-17.583685528811984
2023-08-08,762553.6815873978,2,969971.2221815115,-21.383886021651417
2023-08-09,743734.0350637198,1,969971.2221815115,-23.324113328741177
2023-08-10,745187.0047810151,1,969971.2221815115,-23.174318192136255
2023-08-11,733947.5125405644,1,969971.2221815115,-24.33306310986407
2023-08-14,746420.6106675201,1,969971.2221815115,-23.047138554401172
2023-08-15,734797.1054585102,1,969971.2221815115,-24.245473612514342
2023-08-16,713798.1113356117,1,969971.2221815115,-26.410382595656216
2023-08-17,713798.1113356117,0,969971.2221815115,-26.410382595656216
2023-08-18,713798.1113356117,0,969971.2221815115,-26.410382595656216
2023-08-21,713798.1113356117,0,969971.2221815115,-26.410382595656216
2023-08-22,713798.1113356117,0,969971.2221815115,-26.410382595656216
2023-08-23,713798.1113356117,0,969971.2221815115,-26.410382595656216
2023-08-24,713798.1113356117,0,969971.2221815115,-26.410382595656216
2023-08-25,713798.1113356117,0,969971.2221815115,-26.410382595656216
2023-08-28,713798.1113356117,0,969971.2221815115,-26.410382595656216
2023-08-29,747215.207146119,1,969971.2221815115,-22.96521896128048
2023-08-30,755445.2080523368,1,969971.2221815115,-22.11674008706108
2023-08-31,757005.5342808488,1,969971.2221815115,-21.955876940523318
2023-09-01,742500.1290492972,1,969971.2221815115,-23.45132390841668
2023-09-05,743168.8963900243,1,969971.2221815115,-23.382376776230316
2023-09-06,717739.6367606724,1,969971.2221815115,-26.004027712652977
2023-09-07,702925.0412405028,2,969971.2221815115,-27.531350913732165
2023-09-08,686211.466479955,2,969971.2221815115,-29.25445097879989
2023-09-11,723425.4069012391,2,969971.2221815115,-25.417848451810677
2023-09-12,707222.2962769421,2,969971.2221815115,-27.088321786870594
2023-09-13,710684.1077471726,2,969971.2221815115,-26.731423418025724
2023-09-14,728787.591183061,2,969971.2221815115,-24.86502954757946
2023-09-15,701236.6287352573,2,969971.2221815115,-27.705419222836042
2023-09-18,676171.3039713278,2,969971.2221815115,-30.289549987824753
2023-09-19,664756.90805107,2,969971.2221815115,-31.466326747715257
2023-09-20,648691.3135500717,2,969971.2221815115,-33.12262274223621
2023-09-21,628694.7335228563,2,969971.2221815115,-35.18418700001307
2023-09-22,613559.6398275231,2,969971.2221815115,-36.744552230364285
2023-09-25,620610.3730820343,2,969971.2221815115,-36.01765094780317
2023-09-26,617420.7159095663,1,969971.2221815115,-36.346491340128864
2023-09-27,615339.9126607048,1,969971.2221815115,-36.56101350339281
2023-09-28,625949.0239345246,1,969971.2221815115,-35.467258242287286
2023-09-29,619552.7929158058,1,969971.2221815115,-36.12668306566847
2023-10-02,619552.7929158058,0,969971.2221815115,-36.12668306566847
2023-10-03,606195.3363038762,1,969971.2221815115,-37.50378130389125
2023-10-04,616735.9351891835,1,969971.2221815115,-36.4170893851763
2023-10-05,616735.9351891835,0,969971.2221815115,-36.4170893851763
2023-10-06,640956.8722443404,1,969971.2221815115,-33.92001148211409
2023-10-09,670601.1960494432,2,969971.2221815115,-30.863804954828538
2023-10-10,682888.2254639022,2,969971.2221815115,-29.59706330997593
2023-10-11,699258.1914422116,2,969971.2221815115,-27.90938788167894
2023-10-12,691385.8851238681,2,969971.2221815115,-28.720989931133385
2023-10-13,649868.5609086293,3,969971.2221815115,-33.00125343440149
2023-10-16,667408.6788342488,3,969971.2221815115,-31.192940205667657
2023-10-17,675280.4803069481,3,969971.2221815115,-30.381390203700054
2023-10-18,636785.5214805062,3,969971.2221815115,-34.35006040196273
2023-10-19,625171.7176569726,3,969971.2221815115,-35.547395287570325
2023-10-20,593186.6589984762,2,969971.2221815115,-38.84492184578722
2023-10-23,603288.6776086198,2,969971.2221815115,-37.803445729885176
2023-10-24,619778.8580426788,2,969971.2221815115,-36.10337669103557
2023-10-25,560801.210246705,2,969971.2221815115,-42.18372695785382
2023-10-26,535079.2872701022,2,969971.2221815115,-44.83555026852411
2023-10-27,535079.2872701022,0,969971.2221815115,-44.83555026852411
2023-10-30,535079.2872701022,0,969971.2221815115,-44.83555026852411
2023-10-31,535079.2872701022,0,969971.2221815115,-44.83555026852411
2023-11-01,540465.0777131481,1,969971.2221815115,-44.28029766722188
2023-11-02,593464.7835116587,1,969971.2221815115,-38.81624836488158
2023-11-03,602831.4817437859,1,969971.2221815115,-37.850580722592035
2023-11-06,607280.6440497645,1,969971.2221815115,-37.39189058785049
2023-11-07,628355.610856687,1,969971.2221815115,-35.219149136869724
2023-11-08,622501.4467934711,1,969971.2221815115,-35.822689110978395
2023-11-09,653839.0662203801,3,969971.2221815115,-32.59191084557489
2023-11-10,687551.3701341408,3,969971.2221815115,-29.116312483188413
2023-11-13,683196.5020891397,3,969971.2221815115,-29.565281271685752
2023-11-14,687975.330337744,3,969971.2221815115,-29.07260394896514
2023-11-15,677368.9110415002,3,969971.2221815115,-30.166081678375445
2023-11-16,683070.2393875207,3,969971.2221815115,-29.57829843123972
2023-11-17,695387.1093292615,3,969971.2221815115,-28.308480352097178
2023-11-20,723308.6988840762,3,969971.2221815115,-25.429880563124286
2023-11-21,687228.7074127238,3,969971.2221815115,-29.1495776681793
2023-11-22,678202.7024480839,3,969971.2221815115,-30.080121251146636
2023-11-24,671097.7865157402,3,969971.2221815115,-30.812608542508162
2023-11-27,678122.131497465,3,969971.2221815115,-30.088427781152514
2023-11-28,697163.7344564347,3,969971.2221815115,-28.125317688448497
2023-11-29,695655.0855451326,2,969971.2221815115,-28.2808531184491
2023-11-30,679550.624520898,2,969971.2221815115,-29.941156089914063
2023-12-01,677154.0780605746,3,969971.2221815115,-30.18823006546289
2023-12-04,662623.7251676449,2,969971.2221815115,-31.686249033515384
2023-12-05,669497.6458234345,2,969971.2221815115,-30.977576394720003
2023-12-06,667182.4384967528,2,969971.2221815115,-31.2162646437873
2023-12-07,720882.3599136659,3,969971.2221815115,-25.680026022589907
2023-12-08,744178.684440366,3,969971.2221815115,-23.2782718267999
2023-12-11,736219.4692488865,3,969971.2221815115,-24.098833819719538
2023-12-12,741665.6288319468,3,969971.2221815115,-23.5373574110884
2023-12-13,769145.9575091489,3,969971.2221815115,-20.704249783895342
2023-12-14,810695.9184016415,3,969971.2221815115,-16.42062157490118
2023-12-15,812778.5662594987,3,969971.2221815115,-16.20590924011941
2023-12-18,816768.7198999965,3,969971.2221815115,-15.794540990294042
2023-12-19,850339.7020033572,3,969971.2221815115,-12.333512318963159
2023-12-20,803374.7025810978,3,969971.2221815115,-17.17540848539095
2023-12-21,853004.0538026281,3,969971.2221815115,-12.058828726466613
2023-12-22,868168.0693421562,3,969971.2221815115,-10.495481774231935
2023-12-26,873645.4131086615,3,969971.2221815115,-9.930790405947157
2023-12-27,934164.9517983258,3,969971.2221815115,-3.6914775989596573
2023-12-28,907781.0983578259,3,969971.2221815115,-6.411543188241918
2023-12-29,848975.818823141,3,969971.2221815115,-12.474123004004799
2024-01-02,790421.2328238605,3,969971.2221815115,-18.510857358616732
2024-01-03,738286.198276183,3,969971.2221815115,-23.88576265018026
2024-01-04,742521.2262442195,1,969971.2221815115,-23.44914887533943
2024-01-05,753539.4399546697,2,969971.2221815115,-22.313216854008967
2024-01-08,832308.3156653425,3,969971.2221815115,-14.192473278388459
2024-01-09,833938.8457621025,3,969971.2221815115,-14.02437240493235
2024-01-10,833656.5085044745,3,969971.2221815115,-14.053480202274315
2024-01-11,832880.2866867214,2,969971.2221815115,-14.133505444261123
2024-01-12,823345.8471747204,2,969971.2221815115,-15.11646651506048
2024-01-16,906661.0530723919,2,969971.2221815115,-6.527015200175937
2024-01-17,913754.497681379,2,969971.2221815115,-5.795710554556289
2024-01-18,932803.4655143158,2,969971.2221815115,-3.831841173968404
2024-01-19,1008145.2909205579,2,1008145.2909205579,0.0
2024-01-22,976891.5801936324,2,1008145.2909205579,-3.1001196958810495
2024-01-23,980610.2908712848,2,1008145.2909205579,-2.7312531534150564
2024-01-24,1050892.1771384764,2,1050892.1771384764,0.0
2024-01-25,1064838.569924724,2,1064838.569924724,0.0
2024-01-26,1041572.4314500442,2,1064838.569924724,-2.1849451298824234
2024-01-29,1060506.6876839045,2,1064838.569924724,-0.4068111696147279
2024-01-30,1032387.5718311564,2,1064838.569924724,-3.047504007660214
2024-01-31,994808.0496140283,2,1064838.569924724,-6.576632579682606
2024-02-01,1020810.2340470116,2,1064838.569924724,-4.1347427789758715
2024-02-02,1219656.5137411037,2,1219656.5137411037,0.0
2024-02-05,1218204.7923553684,3,1219656.5137411037,-0.11902706781619966
2024-02-06,1178849.9327250947,3,1219656.5137411037,-3.345743703761417
2024-02-07,1240219.652924076,3,1240219.652924076,0.0
2024-02-08,1231386.9954964344,3,1240219.652924076,-0.7121849268245939
2024-02-09,1266185.5355735237,3,1266185.5355735237,0.0
2024-02-12,1267783.224078103,3,1267783.224078103,0.0
2024-02-13,1247370.8850603749,3,1267783.224078103,-1.6100811739776253
2024-02-14,1296216.2603241836,2,1296216.2603241836,0.0
2024-02-15,1289473.418227371,2,1296216.2603241836,-0.5201942224614721
2024-02-16,1251054.3971806492,2,1296216.2603241836,-3.4841302740824607
2024-02-20,1167017.922869478,2,1296216.2603241836,-9.967344293489516
2024-02-21,1079555.897636122,3,1296216.2603241836,-16.714831415081523
2024-02-22,1258551.484904186,2,1296216.2603241836,-2.9057477963266374
2024-02-23,1246772.3514544754,2,1296216.2603241836,-3.814479912274999
2024-02-26,1339101.05678599,2,1339101.05678599,0.0
2024-02-27,1350449.1965718209,2,1350449.1965718209,0.0
2024-02-28,1341188.372650934,2,1350449.1965718209,-0.6857587789600678
2024-02-29,1369842.3540590175,2,1369842.3540590175,0.0
2024-03-01,1420364.391264834,2,1420364.391264834,0.0
2024-03-04,1490203.25163485,3,1490203.25163485,0.0
2024-03-05,1476368.5663315,2,1490203.25163485,-0.9283757291612691
2024-03-06,1620362.9732651012,2,1620362.9732651012,0.0
2024-03-07,1693090.1626791551,2,1693090.1626791551,0.0
2024-03-08,1597511.8235370552,2,1693090.1626791551,-5.645200784278155
2024-03-11,1540959.7080126703,2,1693090.1626791551,-8.985372310341274
2024-03-12,1604661.6859764494,2,1693090.1626791551,-5.22290416966194
2024-03-13,1602410.8479579687,2,1693090.1626791551,-5.355846765874238
2024-03-14,1533248.165646422,2,1693090.1626791551,-9.440843763441299
2024-03-15,1490474.7155904095,2,1693090.1626791551,-11.967197704824288
2024-03-18,1516880.967024226,3,1693090.1626791551,-10.407549434703157
2024-03-19,1459142.1736703615,3,1693090.1626791551,-13.817810425322715
2024-03-20,1616249.9888305268,3,1693090.1626791551,-4.538457286116174
2024-03-21,1655180.1313609725,3,1693090.1626791551,-2.239102922799667
2024-03-22,1651729.616751136,3,1693090.1626791551,-2.4429027372393413
2024-03-25,1771451.7949852548,3,1771451.7949852548,0.0
2024-03-26,1673526.147289273,3,1771451.7949852548,-5.527988284705019
2024-03-27,1597991.1479162942,3,1771451.7949852548,-9.792004928387252
2024-03-28,1641485.665441815,2,1771451.7949852548,-7.336701450830138
2024-04-01,1575883.334155385,2,1771451.7949852548,-11.04001031151388
2024-04-02,1532884.9457378124,2,1771451.7949852548,-13.467306867891832
2024-04-03,1585898.2006131206,2,1771451.7949852548,-10.474662358716834
2024-04-04,1584654.059452614,2,1771451.7949852548,-10.544895213148918
2024-04-05,1574428.8076944184,2,1771451.7949852548,-11.122119599787156
2024-04-08,1638061.4260304335,3,1771451.7949852548,-7.530002754375349
2024-04-09,1542859.1339569055,3,1771451.7949852548,-12.904255237171276
2024-04-10,1593750.6272733754,2,1771451.7949852548,-10.031386019926018
2024-04-11,1667426.429972472,2,1771451.7949852548,-5.872322651243736
2024-04-12,1546784.5887195582,2,1771451.7949852548,-12.682659889571912
2024-04-15,1397291.0332175991,2,1771451.7949852548,-21.121701579848526
2024-04-16,1396213.778166289,1,1771451.7949852548,-21.18251356775357
2024-04-17,1396213.778166289,0,1771451.7949852548,-21.18251356775357
2024-04-18,1396213.778166289,0,1771451.7949852548,-21.18251356775357
2024-04-19,1396213.778166289,0,1771451.7949852548,-21.18251356775357
2024-04-22,1396213.778166289,0,1771451.7949852548,-21.18251356775357
2024-04-23,1396213.778166289,0,1771451.7949852548,-21.18251356775357
2024-04-24,1396213.778166289,0,1771451.7949852548,-21.18251356775357
2024-04-25,1396213.778166289,0,1771451.7949852548,-21.18251356775357
2024-04-26,1396213.778166289,0,1771451.7949852548,-21.18251356775357
2024-04-29,1396213.778166289,0,1771451.7949852548,-21.18251356775357
2024-04-30,1396213.778166289,0,1771451.7949852548,-21.18251356775357
2024-05-01,1396213.778166289,0,1771451.7949852548,-21.18251356775357
2024-05-02,1396213.778166289,0,1771451.7949852548,-21.18251356775357
2024-05-03,1396213.778166289,0,1771451.7949852548,-21.18251356775357
2024-05-06,1427162.125469407,1,1771451.7949852548,-19.435452349902274
2024-05-07,1366912.4343306902,1,1771451.7949852548,-22.836600002312334
2024-05-08,1340125.1815643758,1,1771451.7949852548,-24.34876380164041
2024-05-09,1300375.8913569453,2,1771451.7949852548,-26.592645928151303
2024-05-10,1280841.3365327974,2,1771451.7949852548,-27.695388598284783
2024-05-13,1315467.6212914358,2,1771451.7949852548,-25.74070460086183
2024-05-14,1373678.761607703,2,1771451.7949852548,-22.4546349216837
2024-05-15,1374100.8169413533,2,1771451.7949852548,-22.430809529717347
2024-05-16,1378879.968633912,2,1771451.7949852548,-22.16102224529403
2024-05-17,1383628.957401541,2,1771451.7949852548,-21.892937684310056
2024-05-20,1405615.6350213666,1,1771451.7949852548,-20.651770542078637
2024-05-21,1399903.880737951,2,1771451.7949852548,-20.97420405675766
2024-05-22,1401661.0500863926,2,1771451.7949852548,-20.875010313331178
2024-05-23,1445334.686865412,3,1771451.7949852548,-18.40959539757374
2024-05-24,1516199.4641800923,2,1771451.7949852548,-14.409216865383973
2024-05-28,1635924.8958290517,2,1771451.7949852548,-7.650611749067162
2024-05-29,1601751.9515415712,2,1771451.7949852548,-9.579704281204906
2024-05-30,1564210.3596311365,2,1771451.7949852548,-11.69895991190905
2024-05-31,1555494.8380115086,2,1771451.7949852548,-12.190958714490097
2024-06-03,1592768.5645721464,2,1771451.7949852548,-10.086824316582415
2024-06-04,1599805.6477778247,2,1771451.7949852548,-9.689574827457207
2024-06-05,1668683.7819418367,2,1771451.7949852548,-5.801344035120836
2024-06-06,1672566.3937779136,3,1771451.7949852548,-5.582167208121191
2024-06-07,1673626.2692043968,3,1771451.7949852548,-5.522336315207058
2024-06-10,1626730.8096594408,3,1771451.7949852548,-8.169625938199387
2024-06-11,1597930.3814630436,2,1771451.7949852548,-9.79543524771192
2024-06-12,1643368.4031584007,2,1771451.7949852548,-7.230419263422307
2024-06-13,1669357.723089151,2,1771451.7949852548,-5.763299469120101
2024-06-14,1710379.2235735608,2,1771451.7949852548,-3.4475999620527236
2024-06-17,1771929.5193157806,2,1771929.5193157806,0.0
2024-06-18,1864582.5856130258,2,1864582.5856130258,0.0
2024-06-20,1796408.4388272613,2,1864582.5856130258,-3.656268556393849
2024-06-21,1672328.4337167968,3,1864582.5856130258,-10.310841331440457
2024-06-24,1596256.9268549194,3,1864582.5856130258,-14.390655626009078
2024-06-25,1696802.720193028,3,1864582.5856130258,-8.998253373949442
2024-06-26,1737223.391212935,2,1864582.5856130258,-6.830439980657567
2024-06-27,1723360.5015580114,2,1864582.5856130258,-7.573924863649004
2024-06-28,1721885.9738566368,2,1864582.5856130258,-7.653005710630626
2024-07-01,1778214.929906752,2,1864582.5856130258,-4.632010208219254
2024-07-02,1856156.8942087726,2,1864582.5856130258,-0.4518808375271347
2024-07-03,2006416.0206929212,2,2006416.0206929212,0.0
2024-07-05,2024326.1499195648,2,2024326.1499195648,0.0
2024-07-08,2052422.1733465325,2,2052422.1733465325,0.0
2024-07-09,2153845.048447618,2,2153845.048447618,0.0
2024-07-10,2198869.6381055466,2,2198869.6381055466,0.0
2024-07-11,1958960.1834680175,2,2198869.6381055466,-10.910581076749278
2024-07-12,2030218.6523230392,2,2198869.6381055466,-7.669894697705224
2024-07-15,2052898.555778195,2,2198869.6381055466,-6.6384600431844705
2024-07-16,2058165.3506640207,2,2198869.6381055466,-6.39893720860827
2024-07-17,1913370.5549338083,2,2198869.6381055466,-12.983902193388431
2024-07-18,1919424.012515139,3,2198869.6381055466,-12.708603581937039
2024-07-19,1849492.6399772933,2,2198869.6381055466,-15.888936391393433
2024-07-22,1925416.694140808,2,2198869.6381055466,-12.436068934051688
2024-07-23,1909120.1370151397,2,2198869.6381055466,-13.177202325647775
2024-07-24,1593498.645090828,2,2198869.6381055466,-27.531008774866745
2024-07-25,1526720.2261319957,2,2198869.6381055466,-30.56795183877506
2024-07-26,1612417.2010079895,2,2198869.6381055466,-26.67063235284925
2024-07-29,1563257.453176417,2,2198869.6381055466,-28.90631504088375
2024-07-30,1477802.710840141,2,2198869.6381055466,-32.79261829667385
2024-07-31,1477802.710840141,0,2198869.6381055466,-32.79261829667385
2024-08-01,1368839.6307359205,1,2198869.6381055466,-37.74803166979671
2024-08-02,1368839.6307359205,0,2198869.6381055466,-37.74803166979671
2024-08-05,1368839.6307359205,0,2198869.6381055466,-37.74803166979671
2024-08-06,1368839.6307359205,0,2198869.6381055466,-37.74803166979671
2024-08-07,1368839.6307359205,0,2198869.6381055466,-37.74803166979671
2024-08-08,1368839.6307359205,0,2198869.6381055466,-37.74803166979671
2024-08-09,1368839.6307359205,0,2198869.6381055466,-37.74803166979671
2024-08-12,1368839.6307359205,0,2198869.6381055466,-37.74803166979671
2024-08-13,1368839.6307359205,0,2198869.6381055466,-37.74803166979671
2024-08-14,1363653.7044628793,1,2198869.6381055466,-37.9838767687135
2024-08-15,1400460.9075597902,2,2198869.6381055466,-36.30996202365283
2024-08-16,1395083.6383133763,2,2198869.6381055466,-36.55450900148307
2024-08-19,1411978.320905041,2,2198869.6381055466,-35.78617411255258
2024-08-20,1399630.3531243755,2,2198869.6381055466,-36.34773390521514
2024-08-21,1430202.8189629992,2,2198869.6381055466,-34.957361992810014
2024-08-22,1386596.8367857924,3,2198869.6381055466,-36.94047101489719
2024-08-23,1391731.264592616,3,2198869.6381055466,-36.706967958697504
2024-08-26,1335727.4589508544,3,2198869.6381055466,-39.25390410585409
2024-08-27,1336238.865619855,3,2198869.6381055466,-39.2306463983421
2024-08-28,1313372.811323916,2,2198869.6381055466,-40.270546804427084
2024-08-29,1287864.756258348,2,2198869.6381055466,-41.430599889135856
2024-08-30,1295516.577850231,1,2198869.6381055466,-41.082611019796815
2024-09-03,1229233.956174373,2,2198869.6381055466,-44.09700625847792
2024-09-04,1232860.0115568624,1,2198869.6381055466,-43.93210083072307
2024-09-05,1250669.6354676404,2,2198869.6381055466,-43.12215632095568
2024-09-06,1183280.5362836346,1,2198869.6381055466,-46.186871846432005
2024-09-09,1202485.070153383,1,2198869.6381055466,-45.31348974423997
2024-09-10,1241533.1647032923,2,2198869.6381055466,-43.53766393477764
2024-09-11,1250987.9668418923,2,2198869.6381055466,-43.10767927471631
2024-09-12,1258585.3313010633,2,2198869.6381055466,-42.76216700206896
2024-09-13,1280350.0613091975,2,2198869.6381055466,-41.7723525250777
2024-09-16,1289465.8498025327,2,2198869.6381055466,-41.357785497757746
2024-09-17,1297382.7241805145,2,2198869.6381055466,-40.99774258112524
2024-09-18,1292990.972364975,2,2198869.6381055466,-41.19747028391545
2024-09-19,1375113.724040619,2,2198869.6381055466,-37.46269900632404
2024-09-20,1362712.7775414041,2,2198869.6381055466,-38.02666816048904
2024-09-23,1433246.6285913452,2,2198869.6381055466,-34.81893588625062
2024-09-24,1420774.9183051893,2,2198869.6381055466,-35.38612322969409
2024-09-25,1438389.6191487731,2,2198869.6381055466,-34.585043414032086
2024-09-26,1426292.3245267023,2,2198869.6381055466,-35.13520311483605
2024-09-27,1444536.3172453204,2,2198869.6381055466,-34.305504418630655
2024-09-30,1459654.1513442667,2,2198869.6381055466,-33.61797688916914
2024-10-01,1401780.7640556379,3,2198869.6381055466,-36.24993770602276
2024-10-02,1403310.442957243,3,2198869.6381055466,-36.1803711034786
2024-10-03,1473063.2910434722,2,2198869.6381055466,-33.00815721333068
2024-10-04,1505279.1588971475,2,2198869.6381055466,-31.54304680863061
2024-10-07,1487000.3919142885,2,2198869.6381055466,-32.374326965766585
2024-10-08,1602568.1398939453,2,2198869.6381055466,-27.11854708791875
2024-10-09,1660541.535820192,2,2198869.6381055466,-24.48203808703982
2024-10-10,1684897.6209388531,2,2198869.6381055466,-23.374374190254866
2024-10-11,1684496.3425748404,2,2198869.6381055466,-23.392623492398965
2024-10-14,1696706.7325870097,2,2198869.6381055466,-22.837320449391413
2024-10-15,1610352.6933205621,2,2198869.6381055466,-26.76452185187412
2024-10-16,1625987.1843924348,2,2198869.6381055466,-26.053497842040475
2024-10-17,1638214.1513797024,2,2198869.6381055466,-25.49744091281743
2024-10-18,1681001.167553544,2,2198869.6381055466,-23.55157675459907
2024-10-21,1717562.3215121,2,2198869.6381055466,-21.88885181061123
2024-10-22,1697225.9400526588,2,2198869.6381055466,-22.813707977935557
2024-10-23,1588594.8268074547,2,2198869.6381055466,-27.754024191442245
2024-10-24,1661498.3808822283,2,2198869.6381055466,-24.438522771467923
2024-10-25,1644015.9897545446,2,2198869.6381055466,-25.23358541750754
2024-10-28,1707191.1933982917,2,2198869.6381055466,-22.36050906277756
2024-10-29,1736209.2564606725,3,2198869.6381055466,-21.040828143112787
2024-10-30,1648197.863618457,3,2198869.6381055466,-25.043402525741598
2024-10-31,1344982.9606716326,3,2198869.6381055466,-38.83298321266498
2024-11-01,1365539.0969672424,2,2198869.6381055466,-37.89813305422992
2024-11-04,1346510.5045378346,2,2198869.6381055466,-38.763513707073095
2024-11-05,1416698.128082792,2,2198869.6381055466,-35.571527136853845
2024-11-06,1619496.1884910706,2,2198869.6381055466,-26.34869478272662
2024-11-07,1683405.3690246027,2,2198869.6381055466,-23.442238691560004
2024-11-08,1770823.466980438,2,2198869.6381055466,-19.46664612159069
2024-11-11,1869441.074385108,2,2198869.6381055466,-14.981723245961065
2024-11-12,1808019.2309440197,2,2198869.6381055466,-17.77506043961147
2024-11-13,1796364.568700247,2,2198869.6381055466,-18.305090144046968
2024-11-14,1721329.9039362492,2,2198869.6381055466,-21.717510028503803
2024-11-15,1716308.2435226245,2,2198869.6381055466,-21.945884659114064
2024-11-18,1774415.5910551336,2,2198869.6381055466,-19.303283818867257
2024-11-19,1869160.041146497,2,2198869.6381055466,-14.994504050868313
2024-11-20,1842056.7950604719,2,2198869.6381055466,-16.227103092500272
2024-11-21,1839394.9021174074,2,2198869.6381055466,-16.348160425637943
2024-11-22,1849058.3018006037,2,2198869.6381055466,-15.90868918479067
2024-11-25,1737737.158012823,3,2198869.6381055466,-20.971342370710797
2024-11-26,1750191.4913290942,2,2198869.6381055466,-20.40494529557535
2024-11-27,1731428.900369885,2,2198869.6381055466,-21.258228756953002
2024-11-29,1796898.8934469805,2,2198869.6381055466,-18.280790170211596
2024-12-02,1838849.1109623446,2,2198869.6381055466,-16.372981867782784
2024-12-03,1873347.5386158715,2,2198869.6381055466,-14.804065409267794
2024-12-04,1886826.654705719,2,2198869.6381055466,-14.191063353290492
2024-12-05,1961977.3266991246,2,2198869.6381055466,-10.773367702258072
2024-12-06,2103359.9740208783,2,2198869.6381055466,-4.343580102682002
2024-12-09,1971727.5781579474,3,2198869.6381055466,-10.32994662399792
2024-12-10,2013052.8004263514,2,2198869.6381055466,-8.450561800438846
2024-12-11,2185242.3532440225,2,2198869.6381055466,-0.6197404623434074
2024-12-12,2156455.0207392033,2,2198869.6381055466,-1.9289282380053199
2024-12-13,2315605.3485351913,2,2315605.3485351913,0.0
2024-12-16,2473020.7926587365,2,2473020.7926587365,0.0
2024-12-17,2552214.821083384,2,2552214.821083384,0.0
2024-12-18,2261576.1121413554,2,2552214.821083384,-11.387705554450784
2024-12-19,2283531.0633763275,2,2552214.821083384,-10.527474234829636
2024-12-20,2299754.25837681,2,2552214.821083384,-9.891822609172369
2024-12-23,2304250.9648058047,1,2552214.821083384,-9.715634210302165
2024-12-24,2358532.705284995,1,2552214.821083384,-7.5887857949266735
2024-12-26,2325737.095277716,2,2552214.821083384,-8.873772063964863
2024-12-27,2158285.2757210904,2,2552214.821083384,-15.434811447222746
2024-12-30,2053394.4152101767,2,2552214.821083384,-19.544608931526547
2024-12-31,2003609.1361078601,1,2552214.821083384,-21.495278549579442
2025-01-02,1912386.708658018,2,2552214.821083384,-25.06952420853692
2025-01-03,2086327.4856603956,2,2552214.821083384,-18.25423673486956
2025-01-06,2032303.0442505912,3,2552214.821083384,-20.3710037469376
2025-01-07,1883090.782857275,3,2552214.821083384,-26.21738705921604
2025-01-08,1894010.4362429646,3,2552214.821083384,-25.789536970129333
2025-01-10,1821727.6876519565,3,2552214.821083384,-28.621694670723087
2025-01-13,1761042.0233452132,3,2552214.821083384,-30.999459418636544
2025-01-14,1738345.9340400847,3,2552214.821083384,-31.88872975425407
2025-01-15,1846715.2789374008,3,2552214.821083384,-27.64263949562472
2025-01-16,1812146.1768428735,3,2552214.821083384,-28.9971141193499
2025-01-17,1848026.5431675143,2,2552214.821083384,-27.591261993257703
2025-01-21,1912755.039102397,3,2552214.821083384,-25.05509241222666
2025-01-22,2000943.5115028662,2,2552214.821083384,-21.59972213257934
2025-01-23,2014078.5632399379,2,2552214.821083384,-21.08506907012686
2025-01-24,2000789.016676876,2,2552214.821083384,-21.605775495513914
2025-01-27,1859902.0242401478,2,2552214.821083384,-27.125960993728498
2025-01-28,2080485.8323487511,2,2552214.821083384,-18.483122378169945
2025-01-29,2053818.5935882342,3,2552214.821083384,-19.527988920759686
2025-01-30,2107325.294223067,3,2552214.821083384,-17.431507848993174
2025-01-31,2111500.133655948,3,2552214.821083384,-17.26793073164421
2025-02-03,2132884.9829155877,3,2552214.821083384,-16.43003695080009
2025-02-04,2497090.5548629095,3,2552214.821083384,-2.159859968099199
2025-02-05,2440783.099181393,3,2552214.821083384,-4.36607925717983
2025-02-06,2625846.6096114954,3,2625846.6096114954,0.0
2025-02-07,2622331.66758312,2,2625846.6096114954,-0.13385938140900747
2025-02-10,2734579.366529649,2,2734579.366529649,0.0
2025-02-11,2666603.7045936263,2,2734579.366529649,-2.4857812783941298
2025-02-12,2769905.817602046,2,2769905.817602046,0.0
2025-02-13,2788144.164321786,2,2788144.164321786,0.0
2025-02-14,2833249.5253993482,2,2833249.5253993482,0.0
2025-02-18,2879094.9781196243,2,2879094.9781196243,0.0
2025-02-19,2543046.0331163793,3,2879094.9781196243,-11.672034009198374
2025-02-20,2495920.622560988,3,2879094.9781196243,-13.308847345108859
2025-02-21,2369517.2899938524,3,2879094.9781196243,-17.69923159876386
2025-02-24,2282606.269306682,2,2879094.9781196243,-20.71792397771181
2025-02-25,2242959.045649348,1,2879094.9781196243,-22.094996424388384
2025-02-26,2274337.5731596826,1,2879094.9781196243,-21.005121732903614
2025-02-27,2200298.353966624,1,2879094.9781196243,-23.576736068510375
2025-02-28,2281036.4506016676,1,2879094.9781196243,-20.772448705688646
2025-03-03,2281036.4506016676,0,2879094.9781196243,-20.772448705688646
2025-03-04,2281036.4506016676,0,2879094.9781196243,-20.772448705688646
2025-03-05,2281036.4506016676,0,2879094.9781196243,-20.772448705688646
2025-03-06,2281036.4506016676,0,2879094.9781196243,-20.772448705688646
2025-03-07,2281036.4506016676,0,2879094.9781196243,-20.772448705688646
2025-03-10,2281036.4506016676,0,2879094.9781196243,-20.772448705688646
2025-03-11,2281036.4506016676,0,2879094.9781196243,-20.772448705688646
2025-03-12,2281036.4506016676,0,2879094.9781196243,-20.772448705688646
2025-03-13,2281036.4506016676,0,2879094.9781196243,-20.772448705688646
2025-03-14,2281036.4506016676,0,2879094.9781196243,-20.772448705688646
2025-03-17,2281036.4506016676,0,2879094.9781196243,-20.772448705688646
2025-03-18,2281036.4506016676,0,2879094.9781196243,-20.772448705688646
2025-03-19,2281036.4506016676,0,2879094.9781196243,-20.772448705688646
2025-03-20,2281036.4506016676,0,2879094.9781196243,-20.772448705688646
2025-03-21,2281036.4506016676,0,2879094.9781196243,-20.772448705688646
2025-03-24,2281036.4506016676,0,2879094.9781196243,-20.772448705688646
2025-03-25,2281036.4506016676,0,2879094.9781196243,-20.772448705688646
2025-03-26,2177773.0182002853,1,2879094.9781196243,-24.359111639220107
2025-03-27,2098648.985388769,1,2879094.9781196243,-27.1073375023069
2025-03-28,2021983.6219704063,1,2879094.9781196243,-29.770166064789187
2025-03-31,2021983.6219704063,0,2879094.9781196243,-29.770166064789187
2025-04-01,2021983.6219704063,0,2879094.9781196243,-29.770166064789187
2025-04-02,2021983.6219704063,0,2879094.9781196243,-29.770166064789187
2025-04-03,2021983.6219704063,0,2879094.9781196243,-29.770166064789187
2025-04-04,2021983.6219704063,0,2879094.9781196243,-29.770166064789187
2025-04-07,2021983.6219704063,0,2879094.9781196243,-29.770166064789187
2025-04-08,2021983.6219704063,0,2879094.9781196243,-29.770166064789187
2025-04-09,2021983.6219704063,0,2879094.9781196243,-29.770166064789187
2025-04-10,1856518.0642513516,1,2879094.9781196243,-35.517303931950565
2025-04-11,1855765.979379096,1,2879094.9781196243,-35.543426198773
2025-04-14,1855765.979379096,0,2879094.9781196243,-35.543426198773
2025-04-15,1855765.979379096,0,2879094.9781196243,-35.543426198773
2025-04-16,1855765.979379096,0,2879094.9781196243,-35.543426198773
2025-04-17,1879861.3054777998,1,2879094.9781196243,-34.706519938930164
2025-04-21,1812754.7734151026,1,2879094.9781196243,-37.03734030340892
2025-04-22,1884590.2754441225,1,2879094.9781196243,-34.54226797773188
2025-04-23,2038395.105641801,1,2879094.9781196243,-29.200143755830375
2025-04-24,2195127.3443501485,1,2879094.9781196243,-23.75634145338909
2025-04-25,2340220.7030953625,2,2879094.9781196243,-18.716793961976478
2025-04-28,2357718.214660211,2,2879094.9781196243,-18.109050497525843
2025-04-29,2394764.1694583013,2,2879094.9781196243,-16.8223282782302
2025-04-30,2327595.558819736,3,2879094.9781196243,-19.155304826382633
2025-05-01,2283535.031980115,3,2879094.9781196243,-20.68566513663532
2025-05-02,2436344.2770747677,3,2879094.9781196243,-15.378120708404799
2025-05-05,2348492.041309573,3,2879094.9781196243,-18.429504439502548
2025-05-06,2145175.583765612,3,2879094.9781196243,-25.491322791766493
2025-05-07,2166364.225114913,3,2879094.9781196243,-24.75537481122645
2025-05-08,2374907.5602396294,3,2879094.9781196243,-17.512010604432596
2025-05-09,2448211.5995884254,3,2879094.9781196243,-14.96593137099682
2025-05-12,2673387.6432346874,3,2879094.9781196243,-7.144861022239953
2025-05-13,2958530.432766399,3,2958530.432766399,0.0
2025-05-14,3121273.240546502,2,3121273.240546502,0.0
2025-05-15,3077547.7447960433,2,3121273.240546502,-1.4008865094682654
2025-05-16,3140131.4123300267,2,3140131.4123300267,0.0
2025-05-19,3079243.4068942266,2,3140131.4123300267,-1.9390273030204277
2025-05-20,3080929.2439456945,2,3140131.4123300267,-1.8853404717990216
2025-05-21,2981817.8817096218,2,3140131.4123300267,-5.041621188169761
2025-05-22,3043184.5681620818,2,3140131.4123300267,-3.0873499047611164
2025-05-23,3004554.054351512,2,3140131.4123300267,-4.317569559227915
2025-05-27,3260928.803174391,3,3260928.803174391,0.0
2025-05-28,3253243.44868129,2,3260928.803174391,-0.2356799230213099
2025-05-29,3310819.7115041483,2,3310819.7115041483,0.0
2025-05-30,3336036.8372675264,2,3336036.8372675264,0.0
2025-06-02,3375282.8173361365,2,3375282.8173361365,0.0
2025-06-03,3448900.3726220485,2,3448900.3726220485,0.0
2025-06-04,3429764.5437950892,2,3448900.3726220485,-0.5548385502481508
2025-06-05,3300570.264260894,2,3448900.3726220485,-4.300794233971607
2025-06-06,3387802.5347240916,3,3448900.3726220485,-1.7715164631301548
2025-06-09,3509735.327072774,2,3509735.327072774,0.0
2025-06-10,3571668.0337479813,2,3571668.0337479813,0.0
2025-06-11,3504887.9811728075,2,3571668.0337479813,-1.8697161086691803
2025-06-12,3515846.9188596345,2,3571668.0337479813,-1.5628864261993034
2025-06-13,3394165.5745456996,2,3571668.0337479813,-4.969735639625413
2025-06-16,3646902.712592099,2,3646902.712592099,0.0
2025-06-17,3644315.87669848,2,3646902.712592099,-0.07093240751081721
2025-06-18,3674919.2412151713,2,3674919.2412151713,0.0
2025-06-20,3657278.1752913324,2,3674919.2412151713,-0.4800395536856906
2025-06-23,3722617.964527857,3,3722617.964527857,0.0
2025-06-24,3969751.210010411,3,3969751.210010411,0.0
2025-06-25,4195888.960067186,3,4195888.960067186,0.0
2025-06-26,4241164.529149262,3,4241164.529149262,0.0
2025-06-27,4097842.403708261,3,4241164.529149262,-3.3793106694153723
2025-06-30,4178137.809607449,3,4241164.529149262,-1.4860710804458184
2025-07-01,3894842.107394932,3,4241164.529149262,-8.165738899636592
2025-07-02,4054944.5653416924,3,4241164.529149262,-4.390774338691449
2025-07-03,4145721.9735797695,3,4241164.529149262,-2.2503855937095096
2025-07-07,4162528.8935333453,3,4241164.529149262,-1.8541048119085937
2025-07-08,4216491.8146840045,3,4241164.529149262,-0.5817438652918006
2025-07-09,4440524.909330564,3,4440524.909330564,0.0
2025-07-10,4524904.545280844,3,4524904.545280844,0.0
2025-07-11,4534228.662220327,3,4534228.662220327,0.0
2025-07-14,4667162.44676973,3,4667162.44676973,0.0
2025-07-15,4829051.642021623,3,4829051.642021623,0.0
2025-07-16,4932397.831188114,3,4932397.831188114,0.0
2025-07-17,5087439.819200607,3,5087439.819200607,0.0
2025-07-18,5097099.151253211,3,5097099.151253211,0.0
2025-07-21,5010193.947060449,3,5097099.151253211,-1.7049934014211807
2025-07-22,4786815.667796232,3,5097099.151253211,-6.087452377313298
2025-07-23,5066381.96574891,3,5097099.151253211,-0.6026405332285736
2025-07-24,5206114.49968201,3,5206114.49968201,0.0
2025-07-25,5325930.45272742,3,5325930.45272742,0.0
2025-07-28,5492113.310005753,3,5492113.310005753,0.0
2025-07-29,5458887.645105963,3,5492113.310005753,-0.6049704917642322
2025-07-30,5653433.446861338,3,5653433.446861338,0.0
2025-07-31,5567326.700385035,3,5653433.446861338,-1.523087647279326
2025-08-01,5297446.385781153,3,5653433.446861338,-6.2968294298718765
2025-08-04,5689661.854277516,3,5689661.854277516,0.0
2025-08-05,5877050.435755681,3,5877050.435755681,0.0
2025-08-06,5933128.952986874,3,5933128.952986874,0.0
2025-08-07,6141066.671489488,3,6141066.671489488,0.0
2025-08-08,6317945.283982709,3,6317945.283982709,0.0
2025-08-11,6196142.857469144,3,6317945.283982709,-1.9278803636106026
2025-08-12,6358509.137309269,3,6358509.137309269,0.0
2025-08-13,6349430.766520487,3,6358509.137309269,-0.1427751473299541
2025-08-14,6253308.023985294,3,6358509.137309269,-1.6544933891294733
2025-08-15,6075436.238496345,3,6358509.137309269,-4.451875316997854
2025-08-18,6047099.1857495755,3,6358509.137309269,-4.897530928004185
2025-08-19,5631656.97461134,3,6358509.137309269,-11.431172732504887
2025-08-20,5571261.044125227,1,6358509.137309269,-12.381016936262226
2025-08-21,5528950.33475842,1,6358509.137309269,-13.046435644533712
2025-08-22,5751109.240047414,1,6358509.137309269,-9.552552086429628
2025-08-25,5872996.451455309,2,6358509.137309269,-7.63563714967648
2025-08-26,5981631.4465667335,2,6358509.137309269,-5.92713924921745
2025-08-27,5954009.375909293,2,6358509.137309269,-6.36155036762514
2025-08-28,5875632.142899052,2,6358509.137309269,-7.594185743586992
2025-08-29,5740438.94853194,1,6358509.137309269,-9.720363302629115
2025-09-02,5690090.325257594,1,6358509.137309269,-10.512193937563957
2025-09-03,5690090.325257594,0,6358509.137309269,-10.512193937563957
2025-09-04,5848244.468072416,2,6358509.137309269,-8.024910528834775
2025-09-05,6160272.979486402,2,6358509.137309269,-3.117651536579446
2025-09-08,6134931.769757064,2,6358509.137309269,-3.516191653171332
2025-09-09,6156807.07090055,2,6358509.137309269,-3.1721597319914085
2025-09-10,6247996.43997537,2,6358509.137309269,-1.7380284426337238
2025-09-11,6679333.366600437,2,6679333.366600437,0.0
2025-09-12,7142337.5363532575,2,7142337.5363532575,0.0
2025-09-15,7492771.0671966,2,7492771.0671966,0.0
2025-09-16,7598781.192430692,2,7598781.192430692,0.0
2025-09-17,7491815.623087413,3,7598781.192430692,-1.4076674486933485
2025-09-18,7602337.722324592,2,7602337.722324592,0.0
2025-09-19,7741402.502537756,2,7741402.502537756,0.0
2025-09-22,7752652.583739207,2,7752652.583739207,0.0
2025-09-23,7486147.413086763,2,7752652.583739207,-3.437599812113669
2025-09-24,7743765.312721952,3,7752652.583739207,-0.11463522866864767
2025-09-25,7280953.06233205,3,7752652.583739207,-6.084362949482902
2025-09-26,7628316.356696468,3,7752652.583739207,-1.6037894862402085
2025-09-29,7990942.658741584,3,7990942.658741584,0.0
2025-09-30,8154233.096545431,3,8154233.096545431,0.0
2025-10-01,8409584.531108443,2,8409584.531108443,0.0
2025-10-02,8060220.297750743,2,8409584.531108443,-4.154357829038326
2025-10-03,7932338.97416448,2,8409584.531108443,-5.675019439766045
2025-10-06,8271964.048097004,2,8409584.531108443,-1.6364718435537167
2025-10-07,7931225.164696427,2,8409584.531108443,-5.688263964081522
2025-10-08,8151818.31751537,2,8409584.531108443,-3.0651480181874913
2025-10-09,8209790.235372335,2,8409584.531108443,-2.3757927041108373
2025-10-10,7550690.627316787,2,8409584.531108443,-10.213273921136832
2025-10-13,7773858.12301203,2,8409584.531108443,-7.559545965020699
2025-10-14,7419802.445739603,2,8409584.531108443,-11.769690663165019
2025-10-15,7494710.676281167,2,8409584.531108443,-10.878942371564326
2025-10-16,7469430.856718997,2,8409584.531108443,-11.17954960689987
2025-10-17,7659240.662700029,2,8409584.531108443,-8.922484406129312
