symbol,strategy,entry_date,entry_price,exit_date,exit_price,pnl,pnl_pct,days_held,exit_reason
LINK-USD,TREND_FOLLOW,2020-01-30,2.9129879474639893,2020-02-11,3.9755589962005615,809.1057875919842,36.47701493793111,12,TAKE_PROFIT
ETH-USD,TREND_FOLLOW,2020-01-30,184.6904754638672,2020-02-12,265.4061279296875,1491.3717848622855,43.703202486806916,13,TAKE_PROFIT
BTC-USD,TREND_FOLLOW,2020-01-30,9508.9931640625,2020-02-13,10214.3798828125,389.4503034699155,7.418101018474596,14,TIME_EXIT
BTC-USD,TREND_FOLLOW,2020-02-13,10214.3798828125,2020-02-25,9341.705078125,-431.034774920935,-8.54359065062706,12,RSI_SELL
MATIC-USD,PULLBACK,2020-02-24,0.020729999989271164,2020-02-25,0.019128000363707542,-253.42435082836346,-7.727928733201825,1,RSI_SELL
ETH-USD,TREND_FOLLOW,2020-02-12,265.4061279296875,2020-02-26,225.68026733398438,-691.5568893291097,-14.967951533593627,14,STOP_LOSS
LINK-USD,PULLBACK,2020-02-27,3.9485950469970703,2020-03-01,3.879533052444458,-103.88877252575367,-1.7490270268442534,3,RSI_SELL
MATIC-USD,TREND_FOLLOW,2020-03-06,0.02484400011599064,2020-03-08,0.02149300090968609,-515.9789322810439,-13.488162899128739,2,STOP_LOSS
LINK-USD,PULLBACK,2020-03-02,4.2150068283081055,2020-03-12,2.064779043197632,-3002.285560022036,-51.013625189631554,10,STOP_LOSS
BTC-USD,TREND_FOLLOW,2020-04-05,6791.12939453125,2020-04-19,7189.4248046875,236.83628783858785,5.86493625753897,14,TIME_EXIT
BTC-USD,TREND_FOLLOW,2020-04-19,7189.4248046875,2020-04-20,6881.95849609375,-113.18928592524753,-4.276646838190479,1,RSI_SELL
ETH-USD,TREND_FOLLOW,2020-04-07,165.10194396972656,2020-04-21,172.73770141601562,121.39428545284318,4.62487434290245,14,TIME_EXIT
LINK-USD,TREND_FOLLOW,2020-04-13,3.369805097579956,2020-04-27,3.6418991088867188,137.76086547224963,8.074473253725223,14,TIME_EXIT
ETH-USD,PULLBACK,2020-04-21,172.73770141601562,2020-05-05,206.77439880371094,703.378295819055,19.70426670534563,14,TIME_EXIT
BTC-USD,PULLBACK,2020-04-22,7117.20751953125,2020-05-06,9268.76171875,701.4305939787473,30.230314253369624,14,TAKE_PROFIT
MATIC-USD,TREND_FOLLOW,2020-05-05,0.016995999962091446,2020-05-11,0.015080999583005905,-427.7446668791854,-11.267359280753316,6,STOP_LOSS
MATIC-USD,PULLBACK,2020-05-11,0.015080999583005905,2020-05-14,0.019933000206947327,851.1052419882685,32.172937856247415,3,TAKE_PROFIT
BTC-USD,TREND_FOLLOW,2020-05-06,9268.76171875,2020-05-20,9522.9814453125,100.05467272931719,2.7427582483670156,14,TIME_EXIT
LINK-USD,PULLBACK,2020-05-06,3.636457920074463,2020-05-20,4.071049213409424,283.37769116807385,11.950950702216897,14,TIME_EXIT
BTC-USD,PULLBACK,2020-05-20,9522.9814453125,2020-05-21,9081.76171875,-250.2042432432072,-4.633209978369555,1,RSI_SELL
ETH-USD,PULLBACK,2020-05-20,210.09674072265625,2020-05-21,199.88360595703125,-170.63408649546045,-4.861158117206168,1,RSI_SELL
LINK-USD,TREND_FOLLOW,2020-05-20,4.071049213409424,2020-06-03,4.490728855133057,235.20738364475665,10.308881561570693,14,TIME_EXIT
ETH-USD,PULLBACK,2020-05-22,207.169189453125,2020-06-05,241.22198486328125,720.0698503741687,16.43719102249091,14,TIME_EXIT
MATIC-USD,TREND_FOLLOW,2020-05-25,0.021273000165820122,2020-06-08,0.020299000665545464,-130.37381443350705,-4.578571394173203,14,TIME_EXIT
LINK-USD,PULLBACK,2020-06-12,4.090941905975342,2020-06-14,3.9550130367279053,-111.04607036892003,-3.3226790399759794,2,RSI_SELL
BTC-USD,PULLBACK,2020-06-03,9656.7177734375,2020-06-15,9450.7021484375,-59.156914997394324,-2.1333917986780375,12,RSI_SELL
ETH-USD,TREND_FOLLOW,2020-06-06,241.9313201904297,2020-06-15,229.9289093017578,-184.23880128301562,-4.961081880272674,9,RSI_SELL
BTC-USD,PULLBACK,2020-06-16,9538.0244140625,2020-06-17,9480.2548828125,-32.86572530601825,-0.6056760681470558,1,RSI_SELL
ETH-USD,PULLBACK,2020-06-16,234.41616821289062,2020-06-17,233.0282745361328,-20.882610987965563,-0.5920639720965679,1,RSI_SELL
ETH-USD,PULLBACK,2020-06-22,242.53318786621094,2020-06-24,235.7724609375,-97.80792940580022,-2.78754713455561,2,RSI_SELL
SOL-USD,PULLBACK,2020-06-18,0.6209560036659241,2020-06-29,0.8524540066719055,2012.449111985271,37.28090261456397,11,TAKE_PROFIT
SOL-USD,TREND_FOLLOW,2020-06-29,0.8524540066719055,2020-07-05,0.6916639804840088,-979.5362103497837,-18.86201776628894,6,STOP_LOSS
LINK-USD,TREND_FOLLOW,2020-06-24,4.719017028808594,2020-07-08,6.475725173950195,1287.0553208654278,37.226145496345374,14,TAKE_PROFIT
SOL-USD,PULLBACK,2020-07-05,0.6916639804840088,2020-07-10,0.9135599732398987,1501.0636207498283,32.08147294306301,5,TAKE_PROFIT
LINK-USD,TREND_FOLLOW,2020-07-08,6.475725173950195,2020-07-15,8.643122673034668,1649.0742463035594,33.4695719917706,7,TAKE_PROFIT
SOL-USD,TREND_FOLLOW,2020-07-15,1.289597988128662,2020-07-16,0.8724409937858582,-2295.9244079916016,-32.34783228439594,1,STOP_LOSS
ETH-USD,TREND_FOLLOW,2020-07-09,243.01596069335938,2020-07-20,236.15316772460938,-90.44186452002486,-2.824009151155944,11,RSI_SELL
LINK-USD,TREND_FOLLOW,2020-07-15,8.643122673034668,2020-07-20,7.272983074188232,-731.3409643930431,-15.852367838317038,5,STOP_LOSS
SOL-USD,PULLBACK,2020-07-16,0.8724409937858582,2020-07-25,1.252223014831543,1862.0575938929078,43.53096928626245,9,TAKE_PROFIT
ETH-USD,TREND_FOLLOW,2020-07-21,245.0167236328125,2020-07-27,321.51409912109375,1587.474007132786,31.221287410128753,6,TAKE_PROFIT
BTC-USD,TREND_FOLLOW,2020-07-22,9525.36328125,2020-08-05,11747.0224609375,770.8414505026612,23.323616266275934,14,TIME_EXIT
ETH-USD,TREND_FOLLOW,2020-07-27,321.51409912109375,2020-08-10,395.8875732421875,1673.8479800380846,23.13225899716517,14,TIME_EXIT
BTC-USD,TREND_FOLLOW,2020-08-05,11747.0224609375,2020-08-19,11758.283203125,6.005490093767548,0.09586039547421882,14,TIME_EXIT
SOL-USD,TREND_FOLLOW,2020-08-11,3.3034191131591797,2020-08-19,2.899040937423706,-595.4461407332265,-12.241201067240667,8,STOP_LOSS
ETH-USD,TREND_FOLLOW,2020-08-10,395.8875732421875,2020-08-24,408.1441955566406,231.6882614307724,3.0959856138134034,14,TIME_EXIT
BTC-USD,PULLBACK,2020-08-19,11758.283203125,2020-08-27,11323.3974609375,-249.55999006468483,-3.698547948495749,8,RSI_SELL
ETH-USD,PULLBACK,2020-08-24,408.1441955566406,2020-08-27,382.63262939453125,-445.46625530300025,-6.250625744491074,3,RSI_SELL
MATIC-USD,PULLBACK,2020-08-27,0.02573700062930584,2020-08-29,0.027682999148964882,567.2447073254862,7.561092870484686,2,RSI_SELL
SOL-USD,PULLBACK,2020-08-25,3.264849901199341,2020-08-30,4.4358229637146,1661.4541324873971,35.8660611651734,5,TAKE_PROFIT
LINK-USD,PULLBACK,2020-08-31,15.708488464355469,2020-09-02,14.8973970413208,-345.47300636982163,-5.16339573266477,2,RSI_SELL
SOL-USD,TREND_FOLLOW,2020-08-30,4.4358229637146,2020-09-03,3.5273399353027344,-2108.1813394652236,-20.48059708070705,4,STOP_LOSS
ETH-USD,TREND_FOLLOW,2020-09-01,477.0519104003906,2020-09-03,385.67193603515625,-833.0622538636417,-19.155142736675966,2,STOP_LOSS
SOL-USD,PULLBACK,2020-09-03,3.5273399353027344,2020-09-05,2.5979158878326416,-2257.602413489979,-26.349148778322235,2,STOP_LOSS
SOL-USD,PULLBACK,2020-09-09,3.636378049850464,2020-09-11,3.4274280071258545,-424.22255251366187,-5.746103399045704,2,RSI_SELL
BTC-USD,TREND_FOLLOW,2020-10-05,10793.33984375,2020-10-19,11742.037109375,629.3453846163247,8.789654354989604,14,TIME_EXIT
ETH-USD,TREND_FOLLOW,2020-10-13,381.1907653808594,2020-10-27,403.9970397949219,278.4470272681647,5.982903177435595,14,TIME_EXIT
BTC-USD,TREND_FOLLOW,2020-10-19,11742.037109375,2020-11-02,13550.4892578125,902.7693479492591,15.401519613607825,14,TIME_EXIT
ETH-USD,TREND_FOLLOW,2020-10-27,403.9970397949219,2020-11-10,449.67962646484375,631.545436385898,11.307653811798076,14,TIME_EXIT
BTC-USD,TREND_FOLLOW,2020-11-02,13550.4892578125,2020-11-16,16716.111328125,1438.104092077956,23.36168097020828,14,TIME_EXIT
ETH-USD,TREND_FOLLOW,2020-11-10,449.67962646484375,2020-11-23,608.4540405273438,2220.0604489020043,35.308340586987455,13,TAKE_PROFIT
ETH-USD,TREND_FOLLOW,2020-11-23,608.4540405273438,2020-11-26,518.8011474609375,-1166.0817435866347,-14.734538205828098,3,STOP_LOSS
BTC-USD,TREND_FOLLOW,2020-11-16,16716.111328125,2020-11-30,19625.8359375,1217.8616133084543,17.406707530592737,14,TIME_EXIT
DOT-USD,PULLBACK,2020-11-27,4.782790184020996,2020-12-05,5.188902854919434,402.9999967825306,8.491124537623135,8,RSI_SELL
MATIC-USD,PULLBACK,2020-11-27,0.017704999074339867,2020-12-07,0.019199000671505928,616.1431559774965,8.438303729319825,10,RSI_SELL
ETH-USD,PULLBACK,2020-12-07,591.8433837890625,2020-12-08,554.8277587890625,-548.1480683000627,-6.254293959158738,1,RSI_SELL
BTC-USD,TREND_FOLLOW,2020-11-30,19625.8359375,2020-12-14,19246.64453125,-119.27145430178825,-1.9321032105718425,14,TIME_EXIT
ETH-USD,PULLBACK,2020-12-09,573.4791259765625,2020-12-14,586.0111694335938,185.23558792831682,2.185265843057629,5,RSI_SELL
BTC-USD,PULLBACK,2020-12-14,19246.64453125,2020-12-26,26437.037109375,3986.899361593274,37.35920080225023,12,TAKE_PROFIT
ETH-USD,PULLBACK,2020-12-15,589.3555908203125,2020-12-29,731.5201416015625,1673.265905966693,24.12203311474045,14,TIME_EXIT
ETH-USD,TREND_FOLLOW,2020-12-29,731.5201416015625,2021-01-03,975.5076904296875,3343.823632763626,33.35349704711451,5,TAKE_PROFIT
BTC-USD,TREND_FOLLOW,2020-12-26,26437.037109375,2021-01-06,36824.36328125,4061.525671624191,39.29081057344163,11,TAKE_PROFIT
ETH-USD,TREND_FOLLOW,2021-01-03,975.5076904296875,2021-01-09,1281.0772705078125,3690.2721783377365,31.324159007247705,6,TAKE_PROFIT
ETH-USD,TREND_FOLLOW,2021-01-09,1281.0772705078125,2021-01-11,1090.1453857421875,-2202.191479050236,-14.904010020405762,2,STOP_LOSS
AVAX-USD,TREND_FOLLOW,2021-01-11,6.494089126586914,2021-01-13,8.466814994812012,2689.235289058777,30.37725275664486,2,TAKE_PROFIT
BTC-USD,TREND_FOLLOW,2021-01-06,36824.36328125,2021-01-20,35547.75,-464.8192325424807,-3.4667626742103588,14,TIME_EXIT
ETH-USD,TREND_FOLLOW,2021-01-16,1233.53759765625,2021-01-21,1121.5709228515625,-931.7087504165029,-9.07687572858961,5,RSI_SELL
BTC-USD,PULLBACK,2021-01-20,35547.75,2021-01-21,30825.69921875,-1477.2444095566643,-13.283684006020072,1,STOP_LOSS
SOL-USD,TREND_FOLLOW,2021-01-11,3.1080899238586426,2021-01-25,3.6999809741973877,2593.672563819797,19.043562600786085,14,TIME_EXIT
AVAX-USD,TREND_FOLLOW,2021-01-21,11.310115814208984,2021-01-30,11.984418869018555,801.8023614664216,5.961946507766421,9,RSI_SELL
DOT-USD,TREND_FOLLOW,2021-01-21,15.94483757019043,2021-01-30,16.506908416748047,308.1509940335909,3.525096095104996,9,RSI_SELL
SOL-USD,TREND_FOLLOW,2021-01-30,4.224276065826416,2021-02-03,5.71599006652832,5659.328508833627,35.31289095354314,4,TAKE_PROFIT
ETH-USD,TREND_FOLLOW,2021-01-25,1324.414794921875,2021-02-08,1746.6168212890625,3765.0374747462647,31.878383417794158,14,TAKE_PROFIT
SOL-USD,TREND_FOLLOW,2021-02-03,5.71599006652832,2021-02-08,7.8832502365112305,7203.000672507995,37.915744162572054,5,TAKE_PROFIT
BTC-USD,TREND_FOLLOW,2021-02-06,39266.01171875,2021-02-17,52149.0078125,4051.4204043585523,32.80953560047509,11,TAKE_PROFIT
ETH-USD,TREND_FOLLOW,2021-02-08,1746.6168212890625,2021-02-22,1781.992919921875,497.59026537504906,2.025406958276271,14,TIME_EXIT
ETH-USD,PULLBACK,2021-02-22,1781.992919921875,2021-02-23,1570.2039794921875,-2784.8043334143185,-11.884948478862228,1,STOP_LOSS
BTC-USD,TREND_FOLLOW,2021-02-17,52149.0078125,2021-02-26,46339.76171875,-2497.2686617057334,-11.139705887860702,9,STOP_LOSS
SOL-USD,TREND_FOLLOW,2021-02-23,15.2015380859375,2021-02-26,13.58794116973877,-2331.977559500516,-10.614695085962532,3,STOP_LOSS
BTC-USD,PULLBACK,2021-02-26,46339.76171875,2021-02-28,45137.76953125,-707.6118522772995,-2.5938678640499995,2,RSI_SELL
MATIC-USD,TREND_FOLLOW,2021-02-26,0.19060200452804565,2021-03-01,0.25157201290130615,3686.911849710861,31.98812547865372,3,TAKE_PROFIT
BTC-USD,PULLBACK,2021-03-01,49631.2421875,2021-03-04,48561.16796875,-488.0880795014018,-2.156049640481306,3,RSI_SELL
DOT-USD,TREND_FOLLOW,2021-03-04,35.3303108215332,2021-03-06,33.433692932128906,-780.9824238290712,-5.368245694143007,2,RSI_SELL
MATIC-USD,TREND_FOLLOW,2021-03-04,0.20039500296115875,2021-03-09,0.2989810109138489,11010.927733660203,49.19584146107596,5,TAKE_PROFIT
SOL-USD,TREND_FOLLOW,2021-02-26,13.58794116973877,2021-03-10,14.231083869934082,839.2943381659425,4.733187258917733,12,RSI_SELL
MATIC-USD,TREND_FOLLOW,2021-03-10,0.28752401471138,2021-03-11,0.4106050133705139,10567.398381945022,42.80720648071225,1,TAKE_PROFIT
SOL-USD,TREND_FOLLOW,2021-03-11,15.992279052734375,2021-03-15,14.186661720275879,-3413.576833762745,-11.29055668991575,4,STOP_LOSS
ETH-USD,PULLBACK,2021-03-21,1788.217041015625,2021-03-22,1691.333984375,-1001.607982478643,-5.4178578113538105,1,RSI_SELL
BTC-USD,TREND_FOLLOW,2021-03-09,54824.1171875,2021-03-23,54738.9453125,-43.114903200421395,-0.15535475876193286,14,TIME_EXIT
BTC-USD,PULLBACK,2021-03-23,54738.9453125,2021-03-24,52774.265625,-992.4828092570533,-3.5891807492523102,1,RSI_SELL
SOL-USD,PULLBACK,2021-03-15,14.186661720275879,2021-03-25,13.02508544921875,-2328.7578712100003,-8.187805517326034,10,RSI_SELL
MATIC-USD,PULLBACK,2021-03-23,0.33169400691986084,2021-03-25,0.3018510043621063,-1617.1336398030198,-8.997148557153388,2,RSI_SELL
BTC-USD,PULLBACK,2021-03-26,55137.3125,2021-03-27,55973.51171875,531.0146374660326,1.5165759461888897,1,RSI_SELL
ETH-USD,PULLBACK,2021-03-26,1702.842041015625,2021-03-27,1716.49462890625,182.47202973036838,0.8017530435460822,1,RSI_SELL
SOL-USD,PULLBACK,2021-03-26,14.779420852661133,2021-03-30,19.233924865722656,4458.7280134711,30.139909117341766,4,TAKE_PROFIT
SOL-USD,TREND_FOLLOW,2021-03-30,19.233924865722656,2021-04-07,26.47808074951172,10227.744377665887,37.66343028977453,8,TAKE_PROFIT
BTC-USD,TREND_FOLLOW,2021-03-29,57750.19921875,2021-04-12,59893.453125,1121.202823398511,3.7112493727192906,14,TIME_EXIT
BTC-USD,TREND_FOLLOW,2021-04-12,59893.453125,2021-04-18,56216.18359375,-1736.8063154758238,-6.139685290102398,6,RSI_SELL
ETH-USD,TREND_FOLLOW,2021-04-06,2118.37890625,2021-04-20,2330.2109375,1765.0675765950073,9.999723402882141,14,TIME_EXIT
SOL-USD,TREND_FOLLOW,2021-04-07,26.47808074951172,2021-04-21,32.51304244995117,6005.152700521881,22.792292830932407,14,TIME_EXIT
SOL-USD,TREND_FOLLOW,2021-04-21,32.51304244995117,2021-04-25,47.36762619018555,15893.45227979339,45.68807660218425,4,TAKE_PROFIT
SOL-USD,TREND_FOLLOW,2021-04-25,47.36762619018555,2021-04-29,42.460540771484375,-4468.18199982823,-10.359576388731737,4,STOP_LOSS
ETH-USD,TREND_FOLLOW,2021-04-20,2330.2109375,2021-05-03,3431.086181640625,16290.03416001395,47.243587540693404,13,TAKE_PROFIT
SOL-USD,TREND_FOLLOW,2021-04-29,42.460540771484375,2021-05-09,44.330196380615234,1795.882965523233,4.403277902636797,10,RSI_SELL
BTC-USD,TREND_FOLLOW,2021-05-09,58232.31640625,2021-05-12,49150.53515625,-7151.091279816137,-15.595775353743724,3,STOP_LOSS
SOL-USD,PULLBACK,2021-05-12,42.45730972290039,2021-05-15,43.461307525634766,995.511130461593,2.364723081342208,3,RSI_SELL
ETH-USD,TREND_FOLLOW,2021-05-03,3431.086181640625,2021-05-17,3282.397705078125,-2042.4515467864694,-4.333568691982036,14,TIME_EXIT
LINK-USD,PULLBACK,2021-05-15,41.498313903808594,2021-05-17,37.19443893432617,-2873.206662118013,-10.371204428832046,2,STOP_LOSS
AVAX-USD,PULLBACK,2021-05-15,34.41056442260742,2021-05-19,23.383895874023438,-13657.676993312263,-32.044428022632395,4,STOP_LOSS
ETH-USD,PULLBACK,2021-05-17,3282.397705078125,2021-05-19,2460.67919921875,-10418.88944243077,-25.034093357673033,2,STOP_LOSS
SOL-USD,PULLBACK,2021-05-17,46.86320495605469,2021-05-19,35.107181549072266,-6786.2737474836795,-25.08582888858427,2,STOP_LOSS
MATIC-USD,TREND_FOLLOW,2021-05-19,1.6593899726867676,2021-05-21,1.4823360443115234,-4303.478150403389,-10.66982031285695,2,STOP_LOSS
SOL-USD,PULLBACK,2021-05-20,44.74274826049805,2021-05-21,38.81285095214844,-3474.5644292544566,-13.253314869763885,1,STOP_LOSS
MATIC-USD,PULLBACK,2021-05-22,1.1932920217514038,2021-05-24,1.7175769805908203,15926.678211876999,43.93601476275015,2,TAKE_PROFIT
MATIC-USD,TREND_FOLLOW,2021-05-24,1.7175769805908203,2021-06-01,1.8211640119552612,2690.5015346362343,6.030997884520352,8,RSI_SELL
MATIC-USD,PULLBACK,2021-06-02,1.7958970069885254,2021-06-05,1.5273339748382568,-6882.506307172822,-14.954255790013937,3,STOP_LOSS
SOL-USD,TREND_FOLLOW,2021-06-09,42.031776428222656,2021-06-11,36.046085357666016,-6039.612384603592,-14.240871024755187,2,STOP_LOSS
SOL-USD,TREND_FOLLOW,2021-06-15,41.153648376464844,2021-06-18,36.64879608154297,-4295.334404793386,-10.94642266880555,3,STOP_LOSS
SOL-USD,PULLBACK,2021-06-18,36.64879608154297,2021-06-19,35.35343551635742,-991.7010383906636,-3.534524196383944,1,RSI_SELL
BTC-USD,PULLBACK,2021-06-17,38053.50390625,2021-06-21,31676.693359375,-4274.122706747938,-16.75748588772572,4,STOP_LOSS
ETH-USD,TREND_FOLLOW,2021-07-29,2380.956787109375,2021-08-07,3157.23876953125,7252.061481329409,32.60378292561656,9,TAKE_PROFIT
BTC-USD,TREND_FOLLOW,2021-07-27,39406.94140625,2021-08-10,45585.03125,5364.899850903763,15.677669017900856,14,TIME_EXIT
ETH-USD,TREND_FOLLOW,2021-08-07,3157.23876953125,2021-08-21,3226.083984375,568.0410273597299,2.1805514206950947,14,TIME_EXIT
BTC-USD,TREND_FOLLOW,2021-08-10,45585.03125,2021-08-24,47706.1171875,1476.2345916304112,4.653031662668872,14,TIME_EXIT
SOL-USD,TREND_FOLLOW,2021-08-17,64.21070861816406,2021-08-27,88.08698272705078,7668.171543689754,37.184255745984004,10,TAKE_PROFIT
BTC-USD,TREND_FOLLOW,2021-08-24,47706.1171875,2021-09-07,46811.12890625,-650.9769004775226,-1.876045115414477,14,TIME_EXIT
ETH-USD,PULLBACK,2021-08-24,3172.456298828125,2021-09-07,3426.394287109375,1805.3760759684155,8.004459773805308,14,TIME_EXIT
ETH-USD,PULLBACK,2021-09-12,3410.134521484375,2021-09-15,3615.28271484375,1183.1323664692245,6.015838732076687,3,RSI_SELL
SOL-USD,TREND_FOLLOW,2021-09-07,173.14892578125,2021-09-16,152.47406005859375,-5558.189284672517,-11.9405105341376,9,STOP_LOSS
LINK-USD,PULLBACK,2021-09-07,28.11425018310547,2021-09-17,27.694597244262695,-451.6349647216557,-1.492669859980662,10,RSI_SELL
SOL-USD,PULLBACK,2021-09-17,147.5930633544922,2021-09-20,132.13446044921875,-3866.3154708919974,-10.473800430677851,3,STOP_LOSS
AVAX-USD,TREND_FOLLOW,2021-09-15,57.62539291381836,2021-09-23,76.41905975341797,6616.662990166718,32.61351617629137,8,TAKE_PROFIT
AVAX-USD,TREND_FOLLOW,2021-09-23,76.41905975341797,2021-09-25,68.38166046142578,-4781.15742315114,-10.517532298783225,2,STOP_LOSS
DOT-USD,TREND_FOLLOW,2021-09-23,33.54473876953125,2021-09-25,29.843185424804688,-3260.5596072609405,-11.034676317374368,2,STOP_LOSS
AVAX-USD,PULLBACK,2021-09-30,66.76588439941406,2021-10-06,60.11407470703125,-4108.398393332078,-9.962887112510396,6,RSI_SELL
BTC-USD,TREND_FOLLOW,2021-10-06,55361.44921875,2021-10-20,65992.8359375,7504.786196491368,19.203591793166655,14,TIME_EXIT
ETH-USD,TREND_FOLLOW,2021-10-07,3587.974853515625,2021-10-21,4054.32275390625,3301.6410099724744,12.997524214353978,14,TIME_EXIT
BTC-USD,TREND_FOLLOW,2021-10-20,65992.8359375,2021-10-27,58482.38671875,-3884.1663212765925,-11.380703847706954,7,STOP_LOSS
BTC-USD,PULLBACK,2021-10-27,58482.38671875,2021-11-03,62970.046875,2396.5516861369833,7.673524300285122,7,RSI_SELL
ETH-USD,TREND_FOLLOW,2021-10-21,4054.32275390625,2021-11-04,4537.32421875,3908.521795730383,11.913246531208912,14,TIME_EXIT
MATIC-USD,TREND_FOLLOW,2021-10-27,1.7599420547485352,2021-11-10,1.7056560516357422,-626.1736409183322,-3.084533548495123,14,TIME_EXIT
BTC-USD,PULLBACK,2021-11-04,61452.23046875,2021-11-16,60161.24609375,-817.6144168429964,-2.100793356323328,12,RSI_SELL
ETH-USD,TREND_FOLLOW,2021-11-04,4537.32421875,2021-11-16,4216.365234375,-1789.4859207670597,-7.073750274416622,12,RSI_SELL
SOL-USD,PULLBACK,2021-11-16,219.23902893066406,2021-11-17,218.71524047851562,-86.48630804417917,-0.23891204714015105,1,RSI_SELL
AVAX-USD,TREND_FOLLOW,2021-11-15,93.55023193359375,2021-11-20,125.7706298828125,7997.327946366837,34.44181514385797,5,TAKE_PROFIT
ETH-USD,PULLBACK,2021-11-20,4409.93115234375,2021-11-21,4269.73291015625,-1541.2570635987358,-3.1791480942506034,1,RSI_SELL
AVAX-USD,TREND_FOLLOW,2021-11-20,125.7706298828125,2021-11-26,103.82958221435547,-5497.38056222006,-17.44528725736742,6,STOP_LOSS
AVAX-USD,TREND_FOLLOW,2021-11-30,120.34369659423828,2021-12-02,107.86654663085938,-4643.267618621037,-10.367929784846144,2,STOP_LOSS
AVAX-USD,PULLBACK,2021-12-02,107.86654663085938,2021-12-04,92.88023376464844,-5883.457542277749,-13.89338338372606,2,STOP_LOSS
ETH-USD,TREND_FOLLOW,2021-12-08,4439.35791015625,2021-12-10,3908.49609375,-3542.5071718496,-11.958076531557815,2,STOP_LOSS
MATIC-USD,TREND_FOLLOW,2021-12-02,2.1272881031036377,2021-12-13,1.8202769756317139,-3972.517010290743,-14.432042703760036,11,STOP_LOSS
MATIC-USD,PULLBACK,2021-12-15,2.1220600605010986,2021-12-20,2.127742052078247,94.55344944243552,0.2677582827607011,5,RSI_SELL
AVAX-USD,TREND_FOLLOW,2021-12-22,116.47735595703125,2021-12-29,102.99812316894531,-2659.99954514578,-11.572406222080158,7,STOP_LOSS
MATIC-USD,PULLBACK,2021-12-21,2.3759849071502686,2022-01-04,2.367248058319092,-130.03362791225663,-0.36771482869626654,14,TIME_EXIT
AVAX-USD,PULLBACK,2021-12-31,109.2704849243164,2022-01-04,103.23924255371094,-1191.6278194957013,-5.5195530383002005,4,RSI_SELL
MATIC-USD,PULLBACK,2022-01-04,2.367248058319092,2022-01-05,2.1954751014709473,-1569.3023717147116,-7.256229707085074,1,RSI_SELL
LINK-USD,TREND_FOLLOW,2022-01-04,23.52586555480957,2022-01-18,23.003719329833984,-738.4630737070547,-2.2194559590554137,14,TIME_EXIT
ETH-USD,TREND_FOLLOW,2022-02-09,3239.45703125,2022-02-13,2883.46337890625,-2290.108760304731,-10.98930002496078,4,STOP_LOSS
BTC-USD,TREND_FOLLOW,2022-02-08,44118.4453125,2022-02-18,40030.9765625,-2970.345489810432,-9.26476153238769,10,RSI_SELL
ETH-USD,TREND_FOLLOW,2022-02-15,3179.877197265625,2022-02-18,2785.7275390625,-2434.046778892709,-12.395122004775974,3,STOP_LOSS
AVAX-USD,TREND_FOLLOW,2022-02-17,88.12377166748047,2022-02-20,77.33678436279297,-1562.4227801209654,-12.240723587490441,3,STOP_LOSS
AVAX-USD,PULLBACK,2022-02-20,77.33678436279297,2022-02-21,69.98892974853516,-2584.3779788926367,-9.501112148377473,1,RSI_SELL
AVAX-USD,PULLBACK,2022-02-25,80.8326187133789,2022-03-02,83.29166412353516,786.2118115211197,3.0421449277496246,5,RSI_SELL
BTC-USD,TREND_FOLLOW,2022-03-09,41982.92578125,2022-03-14,39666.75390625,-1448.5689427271573,-5.516937735755486,5,RSI_SELL
DOT-USD,PULLBACK,2022-03-17,18.751731872558594,2022-03-31,21.30251121520996,3468.2305502900563,13.602900041378014,14,TIME_EXIT
BTC-USD,TREND_FOLLOW,2022-03-18,41801.15625,2022-04-01,46281.64453125,1776.343128311728,10.718574994561305,14,TIME_EXIT
BTC-USD,TREND_FOLLOW,2022-04-01,46281.64453125,2022-04-08,42287.6640625,-1787.9781235470218,-8.629728932931952,7,RSI_SELL
ETH-USD,TREND_FOLLOW,2022-03-31,3281.642822265625,2022-04-11,2981.05224609375,-1970.876111458474,-9.159759073485919,11,RSI_SELL
SOL-USD,PULLBACK,2022-04-10,111.74243927001953,2022-04-11,99.33910369873047,-2195.5814391085005,-11.099932713404508,1,STOP_LOSS
LINK-USD,TREND_FOLLOW,2022-06-07,8.732022285461426,2022-06-11,7.016141891479492,-3208.980463993632,-19.65043535034063,4,STOP_LOSS
BTC-USD,TREND_FOLLOW,2022-06-06,31370.671875,2022-06-12,26762.6484375,-3690.3911417944,-14.688953605651776,6,STOP_LOSS
LINK-USD,PULLBACK,2022-06-15,7.3247151374816895,2022-06-16,6.336337089538574,-2901.344562609811,-13.493740430742942,1,STOP_LOSS
SOL-USD,PULLBACK,2022-07-04,36.785030364990234,2022-07-08,38.286720275878906,815.578197128616,4.08233973436621,4,RSI_SELL
AVAX-USD,PULLBACK,2022-07-10,19.152053833007812,2022-07-11,17.374582290649414,-1472.065815881655,-9.280840362379287,1,RSI_SELL
MATIC-USD,TREND_FOLLOW,2022-07-05,0.5117179751396179,2022-07-14,0.7075889706611633,4970.605290562067,38.277138001279646,9,TAKE_PROFIT
ETH-USD,TREND_FOLLOW,2022-07-14,1191.5262451171875,2022-07-18,1578.7178955078125,5511.921094413352,32.49543616662379,4,TAKE_PROFIT
AVAX-USD,TREND_FOLLOW,2022-07-13,18.80950355529785,2022-07-19,24.737207412719727,4755.053880460506,31.514408873126737,6,TAKE_PROFIT
SOL-USD,TREND_FOLLOW,2022-07-14,37.10782241821289,2022-07-28,42.84526824951172,1704.6966454839167,15.461553541559562,14,TIME_EXIT
BTC-USD,TREND_FOLLOW,2022-07-18,22485.689453125,2022-08-01,23314.19921875,589.4273292025282,3.684609125960583,14,TIME_EXIT
ETH-USD,TREND_FOLLOW,2022-07-28,1725.4681396484375,2022-08-11,1881.22412109375,2069.8001026797792,9.026882494454384,14,TIME_EXIT
BTC-USD,TREND_FOLLOW,2022-08-01,23314.19921875,2022-08-15,24136.97265625,734.4847779735392,3.52906582713894,14,TIME_EXIT
ETH-USD,TREND_FOLLOW,2022-08-11,1881.22412109375,2022-08-19,1612.9873046875,-3228.151904526745,-14.258631568592486,8,STOP_LOSS
BTC-USD,TREND_FOLLOW,2022-08-15,24136.97265625,2022-08-19,20877.552734375,-3022.9643345505683,-13.503847264917912,4,STOP_LOSS
MATIC-USD,TREND_FOLLOW,2022-09-09,0.8915079832077026,2022-09-15,0.8242989778518677,-2037.594989344765,-7.538800170247793,6,RSI_SELL
ETH-USD,TREND_FOLLOW,2022-09-12,1713.7652587890625,2022-09-15,1471.6934814453125,-2481.5430466669823,-14.125142057950027,3,STOP_LOSS
LINK-USD,TREND_FOLLOW,2022-09-12,7.747560977935791,2022-09-20,6.8872880935668945,-1267.9834256488502,-11.103789783892761,8,STOP_LOSS
LINK-USD,PULLBACK,2022-09-23,7.4476189613342285,2022-10-01,7.387452125549316,-193.8061654569974,-0.8078667302567439,8,RSI_SELL
SOL-USD,PULLBACK,2022-09-30,33.21244430541992,2022-10-10,31.970834732055664,-582.9421194968581,-3.738386617818551,10,RSI_SELL
LINK-USD,TREND_FOLLOW,2022-10-04,7.72127103805542,2022-10-10,7.381631851196289,-810.7077921482341,-4.398747112815612,6,RSI_SELL
MATIC-USD,TREND_FOLLOW,2022-10-08,0.8136389851570129,2022-10-20,0.8101159930229187,-51.87147924985584,-0.4329920515564264,12,RSI_SELL
MATIC-USD,PULLBACK,2022-10-21,0.8320930004119873,2022-11-04,1.1697460412979126,9385.55179187866,40.57876231608077,14,TAKE_PROFIT
ETH-USD,TREND_FOLLOW,2022-10-25,1461.6654052734375,2022-11-08,1332.8355712890625,-1325.0822900602852,-8.81390730871642,14,RSI_SELL
BTC-USD,TREND_FOLLOW,2022-10-26,20770.44140625,2022-11-08,18541.271484375,-1048.7818807876629,-10.732414772871529,13,STOP_LOSS
LINK-USD,TREND_FOLLOW,2022-11-07,8.895980834960938,2022-11-08,7.6830339431762695,-2641.6699413678252,-13.63477411077397,1,STOP_LOSS
MATIC-USD,TREND_FOLLOW,2022-11-08,1.0444190502166748,2022-11-09,0.8132039904594421,-5628.288388724082,-22.138150363042964,1,STOP_LOSS
MATIC-USD,TREND_FOLLOW,2022-11-10,1.124959945678711,2022-11-12,0.9389730095863342,-3714.6847229724845,-16.532760726886774,2,STOP_LOSS
MATIC-USD,PULLBACK,2022-11-12,0.9389730095863342,2022-11-18,0.8802880048751831,-1282.3835747275953,-6.249913907217086,6,RSI_SELL
LINK-USD,TREND_FOLLOW,2022-12-01,7.687326908111572,2022-12-07,6.887232780456543,-2065.477757683304,-10.407962835700141,6,STOP_LOSS
ETH-USD,TREND_FOLLOW,2022-12-06,1271.65380859375,2022-12-16,1168.2593994140625,-1048.808759883008,-8.130704164997981,10,RSI_SELL
BTC-USD,PULLBACK,2022-12-07,16848.126953125,2022-12-16,16647.484375,-169.6543211460812,-1.1908895195485496,9,RSI_SELL
AVAX-USD,PULLBACK,2022-12-07,13.264047622680664,2022-12-16,11.846814155578613,-989.4005239536218,-10.68477366349826,9,STOP_LOSS
BTC-USD,PULLBACK,2022-12-20,16906.3046875,2022-12-22,16830.341796875,-79.08725888447952,-0.44931693843873893,2,RSI_SELL
SOL-USD,TREND_FOLLOW,2023-01-08,14.31993293762207,2023-01-14,24.24945831298828,7914.599101618158,69.34058573192648,6,TAKE_PROFIT
BTC-USD,TREND_FOLLOW,2023-01-10,17446.29296875,2023-01-21,22777.625,2267.1869960966487,30.558537798256303,11,TAKE_PROFIT
ETH-USD,TREND_FOLLOW,2023-01-08,1287.3594970703125,2023-01-22,1628.382080078125,4651.69634770805,26.49008173582353,14,TIME_EXIT
BTC-USD,TREND_FOLLOW,2023-01-21,22777.625,2023-02-04,23331.84765625,407.7910559247357,2.433188957364958,14,TIME_EXIT
ETH-USD,TREND_FOLLOW,2023-01-22,1628.382080078125,2023-02-05,1631.6458740234375,39.047875792970444,0.20043170366723226,14,TIME_EXIT
BTC-USD,TREND_FOLLOW,2023-02-04,23331.84765625,2023-02-09,21819.0390625,-1215.2831517489758,-6.483878242470683,5,RSI_SELL
ETH-USD,PULLBACK,2023-02-05,1631.6458740234375,2023-02-09,1546.438232421875,-993.3758237948896,-5.222189628160611,4,RSI_SELL
LINK-USD,PULLBACK,2023-02-09,6.98314094543457,2023-02-10,6.902423858642578,-282.29911923344844,-1.155885115633579,1,RSI_SELL
LINK-USD,PULLBACK,2023-02-11,7.006326198577881,2023-02-12,6.807923793792725,-530.0597588147284,-2.8317608852614837,1,RSI_SELL
MATIC-USD,TREND_FOLLOW,2023-02-09,1.228342056274414,2023-02-23,1.354701042175293,1633.033217015538,10.286954293833123,14,TIME_EXIT
LINK-USD,TREND_FOLLOW,2023-02-18,8.00831413269043,2023-02-28,7.1926960945129395,-1220.7375795567696,-10.184640920216745,10,STOP_LOSS
DOT-USD,PULLBACK,2023-02-15,6.609522819519043,2023-03-01,6.534181118011475,-210.19798747666573,-1.1398962310118899,14,TIME_EXIT
SOL-USD,TREND_FOLLOW,2023-02-23,23.900800704956055,2023-03-01,22.506431579589844,-828.6862597107338,-5.833984988950916,6,RSI_SELL
ETH-USD,PULLBACK,2023-03-01,1663.4337158203125,2023-03-03,1569.1676025390625,-1341.2173446490342,-5.666959397583403,2,RSI_SELL
LINK-USD,PULLBACK,2023-03-01,7.52876615524292,2023-03-03,6.948713779449463,-1185.2386865475419,-7.704481236802889,2,RSI_SELL
BTC-USD,PULLBACK,2023-03-02,23475.466796875,2023-03-03,22362.6796875,-473.9948496435627,-4.74021291675926,1,RSI_SELL
BTC-USD,TREND_FOLLOW,2023-03-18,26965.87890625,2023-04-01,28411.03515625,1183.9595719512909,5.3592032176079005,14,TIME_EXIT
ETH-USD,TREND_FOLLOW,2023-03-19,1785.5765380859375,2023-04-02,1795.7081298828125,81.47966167301092,0.5674129101032901,14,TIME_EXIT
BTC-USD,TREND_FOLLOW,2023-04-01,28411.03515625,2023-04-15,30318.49609375,1187.518153713896,6.7138030241055375,14,TIME_EXIT
ETH-USD,PULLBACK,2023-04-02,1795.7081298828125,2023-04-16,2120.005859375,2991.706312411312,18.05960134029972,14,TIME_EXIT
BTC-USD,TREND_FOLLOW,2023-04-15,30318.49609375,2023-04-21,27276.91015625,-1763.8337785605672,-10.032113493013945,6,STOP_LOSS
ETH-USD,TREND_FOLLOW,2023-04-16,2120.005859375,2023-04-21,1849.9998779296875,-2393.9878928991166,-12.736095999513564,5,STOP_LOSS
AVAX-USD,PULLBACK,2023-04-20,18.332067489624023,2023-04-24,16.939165115356445,-928.3424583520791,-7.5981739378603255,4,RSI_SELL
BTC-USD,TREND_FOLLOW,2023-05-05,29534.384765625,2023-05-09,27658.775390625,-1414.9314177381711,-6.350595720493955,4,RSI_SELL
SOL-USD,TREND_FOLLOW,2023-06-04,21.8189754486084,2023-06-07,18.6342830657959,-2043.341153121859,-14.595975829908264,3,STOP_LOSS
ETH-USD,TREND_FOLLOW,2023-05-30,1901.026611328125,2023-06-10,1752.384765625,-1684.0201460657372,-7.819030244888498,11,RSI_SELL
BTC-USD,PULLBACK,2023-06-06,27238.783203125,2023-06-10,25851.240234375,-463.5321278373376,-5.093997622444502,4,RSI_SELL
BTC-USD,TREND_FOLLOW,2023-06-22,29912.28125,2023-07-06,29909.337890625,-1.9027781669938122,-0.009839969577713168,14,TIME_EXIT
ETH-USD,TREND_FOLLOW,2023-06-26,1859.432861328125,2023-07-10,1880.556396484375,142.78870684405592,1.1360203207962147,14,TIME_EXIT
BTC-USD,PULLBACK,2023-07-06,29909.337890625,2023-07-17,30145.888671875,118.13577529043869,0.7908927376294284,11,RSI_SELL
ETH-USD,PULLBACK,2023-07-10,1880.556396484375,2023-07-17,1911.6461181640625,234.48015930939982,1.653219320505808,7,RSI_SELL
SOL-USD,TREND_FOLLOW,2023-07-17,26.872766494750977,2023-07-24,23.38149070739746,-2545.9296927342148,-12.991873345215357,7,STOP_LOSS
AVAX-USD,TREND_FOLLOW,2023-07-17,14.422088623046875,2023-07-27,13.14130973815918,-1131.185902190322,-8.880675458067683,10,RSI_SELL
SOL-USD,PULLBACK,2023-07-25,23.279321670532227,2023-07-28,24.84685707092285,734.2138515769384,6.733595688807659,3,RSI_SELL
LINK-USD,TREND_FOLLOW,2023-07-17,7.191557884216309,2023-07-31,7.544678211212158,406.5379370001974,4.910206281880334,14,TIME_EXIT
LINK-USD,PULLBACK,2023-07-31,7.544678211212158,2023-08-03,7.125888824462891,-1013.8373613501608,-5.5507918962919325,3,RSI_SELL
LINK-USD,PULLBACK,2023-08-08,7.450203895568848,2023-08-10,7.608376979827881,376.4728288418155,2.123070542446626,2,RSI_SELL
LINK-USD,TREND_FOLLOW,2023-09-14,6.153502941131592,2023-09-28,7.822662830352783,4863.609073462307,27.12536103727356,14,TIME_EXIT
BTC-USD,TREND_FOLLOW,2023-09-18,26754.28125,2023-10-02,27530.78515625,338.25704137753564,2.902353828884863,14,TIME_EXIT
SOL-USD,TREND_FOLLOW,2023-09-28,19.957616806030273,2023-10-12,21.300268173217773,1103.60892874602,6.72751351144197,14,TIME_EXIT
ETH-USD,PULLBACK,2023-10-02,1663.6275634765625,2023-10-12,1539.6124267578125,-722.9158886432888,-7.454501202155464,10,RSI_SELL
BTC-USD,TREND_FOLLOW,2023-10-02,27530.78515625,2023-10-15,27159.65234375,-201.12524203030807,-1.3480647587551493,13,RSI_SELL
SOL-USD,PULLBACK,2023-10-14,22.01171875,2023-10-15,21.922027587890625,-63.72471931477958,-0.4074700532386868,1,RSI_SELL
AVAX-USD,PULLBACK,2023-10-16,9.422463417053223,2023-10-18,8.915651321411133,-470.91129395537064,-5.378764270125339,2,RSI_SELL
SOL-USD,PULLBACK,2023-10-16,23.98295783996582,2023-10-23,31.850984573364258,4418.820104402956,32.806740460874074,7,TAKE_PROFIT
BTC-USD,TREND_FOLLOW,2023-10-16,28519.466796875,2023-10-30,34502.36328125,4347.103384678456,20.978290116667157,14,TIME_EXIT
SOL-USD,TREND_FOLLOW,2023-10-23,31.850984573364258,2023-11-01,41.461544036865234,4689.535480908184,30.173508267427046,9,TAKE_PROFIT
BTC-USD,TREND_FOLLOW,2023-10-30,34502.36328125,2023-11-13,36502.35546875,1138.3020578045798,5.79668172639895,14,TIME_EXIT
ETH-USD,TREND_FOLLOW,2023-10-30,1810.088623046875,2023-11-13,2055.265380859375,1728.904007619918,13.545014022562075,14,TIME_EXIT
BTC-USD,TREND_FOLLOW,2023-11-13,36502.35546875,2023-11-27,37254.16796875,598.1999295483874,2.059627359236128,14,TIME_EXIT
ETH-USD,TREND_FOLLOW,2023-11-13,2055.265380859375,2023-11-27,2027.4173583984375,-255.79821853242174,-1.3549599346286518,14,TIME_EXIT
SOL-USD,TREND_FOLLOW,2023-11-13,51.90705108642578,2023-11-27,55.06462097167969,746.4677223744839,6.083123235023542,14,TIME_EXIT
SOL-USD,PULLBACK,2023-11-27,55.06462097167969,2023-11-29,59.25012969970703,951.0972526569203,7.601085150808529,2,RSI_SELL
BTC-USD,PULLBACK,2023-11-27,37254.16796875,2023-12-11,41243.83203125,3171.6413887398085,10.709309266674964,14,TIME_EXIT
ETH-USD,PULLBACK,2023-11-27,2027.4173583984375,2023-12-11,2224.578857421875,1872.039136267529,9.724761317974787,14,TIME_EXIT
SOL-USD,TREND_FOLLOW,2023-12-11,70.36717224121094,2023-12-21,93.85481262207031,10935.860318388073,33.37869013742136,10,TAKE_PROFIT
AVAX-USD,TREND_FOLLOW,2023-12-11,38.1399040222168,2023-12-25,48.3452033996582,5698.271986081028,26.757538171823235,14,TIME_EXIT
DOT-USD,TREND_FOLLOW,2023-12-11,6.7066969871521,2023-12-25,9.228659629821777,5205.235007213792,37.603646735508654,14,TAKE_PROFIT
MATIC-USD,TREND_FOLLOW,2023-12-30,0.9530869722366333,2024-01-03,0.8554210066795349,-2335.0373651125738,-10.247329824255512,4,STOP_LOSS
BTC-USD,PULLBACK,2023-12-21,43869.15234375,2024-01-04,44179.921875,185.64297903751503,0.7084010395616296,14,TIME_EXIT
ETH-USD,PULLBACK,2023-12-25,2272.561767578125,2024-01-06,2241.624755859375,-477.2351559347517,-1.361327650588774,12,RSI_SELL
BTC-USD,PULLBACK,2024-01-04,44179.921875,2024-01-15,42511.96875,-1163.9610171338973,-3.7753645869252686,11,RSI_SELL
ETH-USD,PULLBACK,2024-01-08,2333.03271484375,2024-01-22,2310.826416015625,-305.14470565380543,-0.9518211505067651,14,TIME_EXIT
LINK-USD,TREND_FOLLOW,2024-01-19,16.04130744934082,2024-01-23,14.274681091308594,-3416.000769741793,-11.012982349545467,4,STOP_LOSS
LINK-USD,TREND_FOLLOW,2024-02-01,17.184246063232422,2024-02-15,19.94938087463379,6482.302091682643,16.09110345153679,14,TIME_EXIT
SOL-USD,TREND_FOLLOW,2024-02-02,100.44052124023438,2024-02-16,110.44591522216797,2608.4470950963587,9.961511408331523,14,TIME_EXIT
AVAX-USD,TREND_FOLLOW,2024-02-04,34.844993591308594,2024-02-18,40.254661560058594,2642.4110315779544,15.524950390862854,14,TIME_EXIT
BTC-USD,TREND_FOLLOW,2024-02-15,51938.5546875,2024-02-29,61198.3828125,5092.910065615564,17.828428574329493,14,TIME_EXIT
ETH-USD,TREND_FOLLOW,2024-02-18,2878.998046875,2024-03-03,3490.99365234375,7747.57094422121,21.25724281518839,14,TIME_EXIT
BTC-USD,TREND_FOLLOW,2024-02-29,61198.3828125,2024-03-14,71396.59375,6059.486520570375,16.66418370685602,14,TIME_EXIT
ETH-USD,TREND_FOLLOW,2024-03-03,3490.99365234375,2024-03-17,3642.4130859375,1754.8963294001587,4.337430791147141,14,TIME_EXIT
BTC-USD,TREND_FOLLOW,2024-03-14,71396.59375,2024-03-19,61912.7734375,-5606.430726129678,-13.283295202721067,5,STOP_LOSS
BTC-USD,PULLBACK,2024-03-20,67913.671875,2024-03-22,63778.76171875,-2724.1889327068347,-6.088479745080784,2,RSI_SELL
BTC-USD,PULLBACK,2024-03-24,67234.171875,2024-03-27,69455.34375,1430.908093320235,3.3036353584149802,3,RSI_SELL
SOL-USD,TREND_FOLLOW,2024-03-14,176.67974853515625,2024-03-28,189.6216278076172,2009.576596818668,7.325049633453448,14,TIME_EXIT
AVAX-USD,PULLBACK,2024-03-27,54.114627838134766,2024-03-29,53.4062385559082,-576.8259696802634,-1.309053227429494,2,RSI_SELL
SOL-USD,TREND_FOLLOW,2024-03-28,189.6216278076172,2024-04-08,180.78477478027344,-1190.4281687880211,-4.660255862959515,11,RSI_SELL
BTC-USD,PULLBACK,2024-03-28,70744.953125,2024-04-11,70060.609375,-380.1534348530913,-0.9673393221292067,14,TIME_EXIT
BTC-USD,PULLBACK,2024-04-11,70060.609375,2024-04-12,67195.8671875,-2191.4314075876173,-4.088948430588783,1,RSI_SELL
DOT-USD,PULLBACK,2024-05-09,7.050119876861572,2024-05-16,7.029125213623047,-156.1723499111904,-0.2977915780897525,7,RSI_SELL
SOL-USD,TREND_FOLLOW,2024-05-10,146.21690368652344,2024-05-24,167.7969207763672,5031.057627009279,14.758907175403923,14,TIME_EXIT
BTC-USD,TREND_FOLLOW,2024-05-18,66940.8046875,2024-06-01,67706.9375,462.725602101651,1.1444929831312016,14,TIME_EXIT
BTC-USD,PULLBACK,2024-06-01,67706.9375,2024-06-03,68804.78125,513.2528040183533,1.621464196338817,2,RSI_SELL
ETH-USD,TREND_FOLLOW,2024-05-24,3726.9345703125,2024-06-07,3678.629150390625,-529.490951365864,-1.296116661308187,14,TIME_EXIT
LINK-USD,TREND_FOLLOW,2024-05-30,17.944950103759766,2024-06-07,16.32770347595215,-2393.1052805792024,-9.012265949230905,8,RSI_SELL
ETH-USD,PULLBACK,2024-06-07,3678.629150390625,2024-06-09,3705.90380859375,317.39185259941587,0.7414353849783626,2,RSI_SELL
BTC-USD,PULLBACK,2024-06-04,70567.765625,2024-06-13,66756.3984375,-1724.1687022539954,-5.401003069522934,9,RSI_SELL
DOT-USD,TREND_FOLLOW,2024-07-06,6.241476058959961,2024-07-11,5.904892921447754,-2871.1889653597827,-5.392684908708807,5,RSI_SELL
DOT-USD,PULLBACK,2024-07-14,6.328077793121338,2024-07-24,5.748384952545166,-3080.5143393969993,-9.160646558522112,10,RSI_SELL
SOL-USD,PULLBACK,2024-07-14,147.622314453125,2024-07-28,184.88607788085938,13059.256584621638,25.242635956345786,14,TIME_EXIT
BTC-USD,TREND_FOLLOW,2024-07-19,66710.15625,2024-08-02,61415.06640625,-1734.9694803796483,-7.937456815280656,14,RSI_SELL
SOL-USD,TREND_FOLLOW,2024-07-28,184.88607788085938,2024-08-02,152.6382293701172,-8603.00207899999,-17.44201017208159,5,STOP_LOSS
MATIC-USD,TREND_FOLLOW,2024-08-24,0.5721449851989746,2024-08-26,0.5029299855232239,-6235.79455830701,-12.097458068548807,2,STOP_LOSS
AVAX-USD,TREND_FOLLOW,2024-08-25,26.964920043945312,2024-08-27,24.101638793945312,-3557.7538912832824,-10.618541591570265,2,STOP_LOSS
BTC-USD,TREND_FOLLOW,2024-08-26,62880.66015625,2024-09-04,57971.5390625,-2853.142228720666,-7.807044457789554,9,RSI_SELL
AVAX-USD,TREND_FOLLOW,2024-09-14,25.330501556396484,2024-09-28,29.330692291259766,7091.6794963886205,15.791991824390658,14,TIME_EXIT
ETH-USD,TREND_FOLLOW,2024-09-28,2677.5390625,2024-10-02,2365.231689453125,-4480.555867711664,-11.6639707491429,4,STOP_LOSS
BTC-USD,TREND_FOLLOW,2024-09-19,62940.45703125,2024-10-03,60759.40234375,-1011.4914332618137,-3.4652666827905367,14,RSI_SELL
SOL-USD,TREND_FOLLOW,2024-09-30,152.61846923828125,2024-10-03,136.78518676757812,-2590.375347005349,-10.374420966038405,3,STOP_LOSS
BTC-USD,PULLBACK,2024-10-04,62067.4765625,2024-10-05,62089.94921875,16.07099870510865,0.03620681473552536,1,RSI_SELL
SOL-USD,PULLBACK,2024-10-04,143.17227172851562,2024-10-05,142.7117462158203,-92.80271493580221,-0.32165831214061097,1,RSI_SELL
AVAX-USD,PULLBACK,2024-10-04,26.24127960205078,2024-10-05,25.690710067749023,-393.4652903507049,-2.0981047519448337,1,RSI_SELL
LINK-USD,PULLBACK,2024-10-05,11.261728286743164,2024-10-08,10.825778007507324,-1708.6866299952308,-3.8710779388011187,3,RSI_SELL
BTC-USD,PULLBACK,2024-10-06,62818.953125,2024-10-08,62131.96875,-313.76177076106615,-1.0935941158283988,2,RSI_SELL
SOL-USD,PULLBACK,2024-10-06,146.44236755371094,2024-10-08,143.39442443847656,-388.14798412700475,-2.081326030266805,2,RSI_SELL
AVAX-USD,PULLBACK,2024-10-13,29.171485900878906,2024-10-25,24.892988204956055,-6288.242820427695,-14.666711563684675,12,STOP_LOSS
BTC-USD,TREND_FOLLOW,2024-10-15,67041.109375,2024-10-29,72720.4921875,2360.8579648897758,8.471492887642865,14,TIME_EXIT
SOL-USD,TREND_FOLLOW,2024-10-15,154.7206268310547,2024-10-29,179.36074829101562,2884.814509830401,15.925556898671578,14,TIME_EXIT
ETH-USD,PULLBACK,2024-10-29,2637.95751953125,2024-10-31,2515.79931640625,-1274.0447410998204,-4.63078735046146,2,RSI_SELL
SOL-USD,TREND_FOLLOW,2024-10-29,179.36074829101562,2024-11-04,157.74710083007812,-2154.983028333192,-12.050377614320062,6,STOP_LOSS
SOL-USD,PULLBACK,2024-11-05,166.72239685058594,2024-11-11,222.6416778564453,8623.978444146273,33.54035334315244,6,TAKE_PROFIT
BTC-USD,TREND_FOLLOW,2024-10-29,72720.4921875,2024-11-12,87955.8125,8867.70555731815,20.950518697285187,14,TIME_EXIT
ETH-USD,TREND_FOLLOW,2024-11-11,3374.81298828125,2024-11-25,3413.5439453125,347.04671770726054,1.1476475041947491,14,TIME_EXIT
BTC-USD,TREND_FOLLOW,2024-11-12,87955.8125,2024-11-26,91985.3203125,1792.467501572668,4.5812865551097035,14,TIME_EXIT
AVAX-USD,TREND_FOLLOW,2024-11-25,41.39607620239258,2024-12-08,53.933502197265625,7126.011258135761,30.286508154964743,13,TAKE_PROFIT
ETH-USD,PULLBACK,2024-11-25,3413.5439453125,2024-12-09,3718.6904296875,3235.8383308827615,8.939286831037553,14,TIME_EXIT
BTC-USD,TREND_FOLLOW,2024-11-27,95962.53125,2024-12-11,101173.03125,1625.047096585451,5.429723384875803,14,TIME_EXIT
MATIC-USD,PULLBACK,2024-12-09,0.5842790007591248,2024-12-16,0.5925419926643372,647.6839959629579,1.4142202431503967,7,RSI_SELL
DOT-USD,PULLBACK,2024-12-09,8.513443946838379,2024-12-16,8.751370429992676,831.9495236557632,2.7947148608719643,7,RSI_SELL
ETH-USD,TREND_FOLLOW,2024-12-16,3987.48095703125,2024-12-18,3618.791259765625,-4361.028237581078,-9.246180765214763,2,RSI_SELL
LINK-USD,PULLBACK,2024-12-18,24.89114761352539,2024-12-20,23.364501953125,-2752.3855130151205,-6.13328756112008,2,RSI_SELL
BTC-USD,TREND_FOLLOW,2024-12-11,101173.03125,2024-12-22,95104.9375,-1839.976685454887,-5.997738404225187,11,RSI_SELL
BTC-USD,PULLBACK,2024-12-24,98676.09375,2024-12-26,95795.515625,-1553.0994306461507,-2.919225939666871,2,RSI_SELL
LINK-USD,TREND_FOLLOW,2024-12-24,25.439577102661133,2024-12-26,22.65229034423828,-3788.930785102042,-10.956498007709746,2,STOP_LOSS
SOL-USD,TREND_FOLLOW,2025-01-18,261.8697509765625,2025-01-27,235.07444763183594,-3351.9606950568996,-10.232301838911038,9,STOP_LOSS
BTC-USD,TREND_FOLLOW,2025-01-17,104462.0390625,2025-01-31,102405.0234375,-992.4104067976659,-1.9691513237351996,14,TIME_EXIT
BTC-USD,PULLBACK,2025-01-31,102405.0234375,2025-02-01,100655.90625,-821.8582224087149,-1.7080384621634543,1,RSI_SELL
SOL-USD,PULLBACK,2025-01-31,231.63790893554688,2025-02-01,213.78501892089844,-2410.5242716086977,-7.707240190816951,1,RSI_SELL
LINK-USD,PULLBACK,2025-01-31,25.148338317871094,2025-02-02,20.42749786376953,-3816.2428243943687,-18.771977672762596,2,STOP_LOSS
BTC-USD,PULLBACK,2025-02-03,101405.421875,2025-02-04,97871.8203125,-1547.7515044723332,-3.4846278405663407,1,RSI_SELL
DOT-USD,TREND_FOLLOW,2025-03-24,4.616262912750244,2025-03-29,4.052915096282959,-5321.2324015469785,-12.203547049092526,5,STOP_LOSS
BTC-USD,TREND_FOLLOW,2025-03-26,86900.8828125,2025-04-02,82485.7109375,-1440.0014514702343,-5.0806985292960825,7,RSI_SELL
AVAX-USD,PULLBACK,2025-04-01,19.79265785217285,2025-04-02,18.013551712036133,-2776.6534349521535,-8.988717702415126,1,RSI_SELL
BTC-USD,PULLBACK,2025-04-18,84450.8046875,2025-05-02,96910.0703125,5694.263987226943,14.753282305721074,14,TIME_EXIT
SOL-USD,TREND_FOLLOW,2025-04-18,134.07350158691406,2025-05-02,148.05003356933594,2615.2834879273614,10.42452969229083,14,TIME_EXIT
DOT-USD,PULLBACK,2025-05-04,3.920790910720825,2025-05-07,3.9670701026916504,214.23676611626433,1.180353480321574,3,RSI_SELL
ETH-USD,TREND_FOLLOW,2025-05-02,1842.7078857421875,2025-05-10,2582.422607421875,11209.244188955501,40.142809796559405,8,TAKE_PROFIT
BTC-USD,TREND_FOLLOW,2025-05-02,96910.0703125,2025-05-16,103489.2890625,2916.4908856953625,6.788993887616007,14,TIME_EXIT
ETH-USD,TREND_FOLLOW,2025-05-10,2582.422607421875,2025-05-24,2530.646240234375,-680.0950856492709,-2.0049532961295675,14,TIME_EXIT
BTC-USD,TREND_FOLLOW,2025-05-16,103489.2890625,2025-05-30,103998.5703125,190.02993032879021,0.4921101058993953,14,TIME_EXIT
BTC-USD,PULLBACK,2025-05-30,103998.5703125,2025-06-04,104731.984375,263.8563413172524,0.70521552392134,5,RSI_SELL
ETH-USD,PULLBACK,2025-05-24,2530.646240234375,2025-06-05,2416.28564453125,-1654.6497138962368,-4.519027349019495,12,RSI_SELL
ETH-USD,TREND_FOLLOW,2025-06-10,2813.517578125,2025-06-17,2510.761474609375,-5326.59504448231,-10.760768152633664,7,STOP_LOSS
BTC-USD,PULLBACK,2025-06-16,106796.7578125,2025-06-21,102257.40625,-1367.5887318355308,-4.250458211914643,5,RSI_SELL
BTC-USD,PULLBACK,2025-06-30,107135.3359375,2025-07-14,119849.703125,5457.38674706348,11.867575787429494,14,TIME_EXIT
SOL-USD,TREND_FOLLOW,2025-07-06,151.87294006347656,2025-07-20,181.54603576660156,5840.076440108729,19.53810579470107,14,TIME_EXIT
BTC-USD,TREND_FOLLOW,2025-07-14,119849.703125,2025-07-28,117924.4765625,-616.669577857414,-1.6063674020886316,14,RSI_SELL
ETH-USD,TREND_FOLLOW,2025-07-14,3013.350830078125,2025-07-28,3787.42578125,6409.945171252737,25.68817886869834,14,TIME_EXIT
DOT-USD,PULLBACK,2025-07-28,3.948425054550171,2025-07-29,3.9029300212860107,-267.54714484352735,-1.1522324125598284,1,RSI_SELL
AVAX-USD,TREND_FOLLOW,2025-07-28,25.087413787841797,2025-07-31,22.499839782714844,-3684.544132052273,-10.314231777772878,3,STOP_LOSS
BTC-USD,PULLBACK,2025-07-29,117922.1484375,2025-07-31,115758.203125,-423.5220339232874,-1.8350626588582841,2,RSI_SELL
SOL-USD,PULLBACK,2025-07-31,172.42434692382812,2025-08-01,162.87709045410156,-1850.8052791739465,-5.537069816447819,1,RSI_SELL
ETH-USD,TREND_FOLLOW,2025-07-28,3787.42578125,2025-08-02,3392.7412109375,-5727.162911706677,-10.420918933023646,5,STOP_LOSS
ETH-USD,PULLBACK,2025-08-04,3718.986083984375,2025-08-05,3611.8994140625,-1401.7982239702105,-2.87945874234481,1,RSI_SELL
ETH-USD,PULLBACK,2025-08-06,3683.920654296875,2025-08-20,4334.50048828125,8467.389664858492,17.65998497349685,14,TIME_EXIT
BTC-USD,TREND_FOLLOW,2025-08-13,123344.0625,2025-08-21,112419.03125,-1794.2806322987271,-8.857362915219369,8,RSI_SELL
LINK-USD,TREND_FOLLOW,2025-08-10,22.102489471435547,2025-08-24,25.82159423828125,5244.085856508653,16.826632907809497,14,TIME_EXIT
ETH-USD,TREND_FOLLOW,2025-08-22,4831.3486328125,2025-09-01,4314.47021484375,-3049.5132173239035,-10.69842930519085,10,STOP_LOSS
SOL-USD,TREND_FOLLOW,2025-08-20,187.5863037109375,2025-09-03,210.74630737304688,4246.407957268464,12.346319109628576,14,TIME_EXIT
ETH-USD,PULLBACK,2025-09-01,4314.47021484375,2025-09-05,4306.98876953125,-70.34002192667685,-0.173403568455761,4,RSI_SELL
AVAX-USD,TREND_FOLLOW,2025-09-04,24.23689079284668,2025-09-06,24.382219314575195,158.37195652820446,0.5996170175896001,2,RSI_SELL
SOL-USD,TREND_FOLLOW,2025-09-03,210.74630737304688,2025-09-17,244.85745239257812,6576.9917846308235,16.18588028645756,14,TIME_EXIT
AVAX-USD,TREND_FOLLOW,2025-09-08,25.272720336914062,2025-09-18,35.23206329345703,16021.47578175764,39.4074829451425,10,TAKE_PROFIT
ETH-USD,TREND_FOLLOW,2025-09-18,4589.9189453125,2025-09-23,4165.50390625,-5316.1781015524175,-9.246678299100205,5,RSI_SELL
SOL-USD,TREND_FOLLOW,2025-09-19,238.55270385742188,2025-09-23,213.71730041503906,-3890.576922534776,-10.410866462962595,4,STOP_LOSS
BTC-USD,TREND_FOLLOW,2025-09-14,115407.65625,2025-09-25,109049.2890625,-1455.9556999260785,-5.509484720603188,11,RSI_SELL
AVAX-USD,TREND_FOLLOW,2025-09-23,33.65406036376953,2025-09-25,28.660615921020508,-7813.359275509312,-14.83756904449112,2,STOP_LOSS
AVAX-USD,PULLBACK,2025-09-25,28.660615921020508,2025-10-02,31.023582458496094,4702.921881879716,8.244646744463434,7,RSI_SELL
ETH-USD,TREND_FOLLOW,2025-10-07,4451.15185546875,2025-10-10,3843.0087890625,-5285.001678294051,-13.662599842759276,3,STOP_LOSS
BTC-USD,TREND_FOLLOW,2025-10-03,122266.53125,2025-10-15,110783.1640625,-5589.3342888697225,-9.392077349458622,12,RSI_SELL
