date,equity,cash,positions
2019-02-13,20000.0,20000.0,0
2019-02-14,20207.73616552353,752.288122177124,1
2019-02-15,20561.515389442444,752.288122177124,1
2019-02-19,20473.385665416718,752.288122177124,1
2019-02-20,20713.858876228333,752.288122177124,1
2019-02-21,20363.854582309723,752.288122177124,1
2019-02-22,20794.43389749527,752.288122177124,1
2019-02-25,20731.485305309296,752.288122177124,1
2019-02-26,20531.30263185501,752.288122177124,1
2019-02-27,20318.528787136078,752.288122177124,1
2019-02-28,20193.832466840744,763.8475396633148,1
2019-03-01,20469.677565336227,763.8475396633148,1
2019-03-04,20511.24260210991,763.8475396633148,1
2019-03-05,20478.495857954025,763.8475396633148,1
2019-03-06,19915.466991901398,763.8475396633148,1
2019-03-07,19564.05294919014,763.8475396633148,1
2019-03-08,19564.05294919014,19564.05294919014,0
2019-03-11,19564.05294919014,19564.05294919014,0
2019-03-12,19564.05294919014,19564.05294919014,0
2019-03-13,19564.05294919014,19564.05294919014,0
2019-03-14,19222.37469649315,735.8840863704681,1
2019-03-15,19696.930089712143,735.8840863704681,1
2019-03-18,19600.904747247696,735.8840863704681,1
2019-03-19,20355.729456186295,735.8840863704681,1
2019-03-20,20209.448541402817,735.8840863704681,1
2019-03-21,21274.69247698784,735.8840863704681,1
2019-03-22,20555.599724531174,735.8840863704681,1
2019-03-25,20140.22216629982,735.8840863704681,1
2019-03-26,20485.257798433304,735.8840863704681,1
2019-03-27,20443.94165110588,735.8840863704681,1
2019-03-28,20527.542720079422,770.9284207820892,1
2019-03-29,20785.012340784073,770.9284207820892,1
2019-04-01,21088.19390130043,770.9284207820892,1
2019-04-02,21168.441419363022,770.9284207820892,1
2019-04-03,21794.857318639755,770.9284207820892,1
2019-04-04,21754.730347394943,770.9284207820892,1
2019-04-05,22054.562639951706,770.9284207820892,1
2019-04-08,22148.19438099861,770.9284207820892,1
2019-04-09,21866.19415640831,770.9284207820892,1
2019-04-10,22182.738525152206,770.9284207820892,1
2019-04-11,22120.508018255234,832.9087216854095,1
2019-04-12,21950.46738600731,832.9087216854095,1
2019-04-15,21360.319585561752,832.9087216854095,1
2019-04-16,21750.409032583237,832.9087216854095,1
2019-04-17,21648.167709112167,832.9087216854095,1
2019-04-18,21538.13476061821,832.9087216854095,1
2019-04-22,21779.305733442307,832.9087216854095,1
2019-04-23,22023.816279172897,832.9087216854095,1
2019-04-24,22079.388993024826,832.9087216854095,1
2019-04-25,21605.821933031082,828.1640856266022,1
2019-04-26,20625.3657848835,828.1640856266022,1
2019-04-29,20625.3657848835,20625.3657848835,0
2019-04-30,20625.3657848835,20625.3657848835,0
2019-05-01,20036.60600399971,787.0263874530792,1
2019-05-02,20036.60600399971,20036.60600399971,0
2019-05-03,19988.934912919998,771.115380525589,1
2019-05-06,19444.135432481766,771.115380525589,1
2019-05-07,18926.575276613235,771.115380525589,1
2019-05-08,18926.575276613235,18926.575276613235,0
2019-05-09,18926.575276613235,18926.575276613235,0
2019-05-10,18926.575276613235,18926.575276613235,0
2019-05-13,18926.575276613235,18926.575276613235,0
2019-05-14,18926.575276613235,18926.575276613235,0
2019-05-15,18926.575276613235,18926.575276613235,0
2019-05-16,18926.575276613235,18926.575276613235,0
2019-05-17,18926.575276613235,18926.575276613235,0
2019-05-20,18926.575276613235,18926.575276613235,0
2019-05-21,18926.575276613235,18926.575276613235,0
2019-05-22,18926.575276613235,18926.575276613235,0
2019-05-23,18926.575276613235,18926.575276613235,0
2019-05-24,18926.575276613235,18926.575276613235,0
2019-05-28,18926.575276613235,18926.575276613235,0
2019-05-29,18926.575276613235,18926.575276613235,0
2019-05-30,18926.575276613235,18926.575276613235,0
2019-05-31,18926.575276613235,18926.575276613235,0
2019-06-03,18926.575276613235,18926.575276613235,0
2019-06-04,18926.575276613235,18926.575276613235,0
2019-06-05,18883.455464601517,711.4554646015167,1
2019-06-06,20312.575276613235,711.4554646015167,1
2019-06-07,20676.015370607376,711.4554646015167,1
2019-06-10,21181.135182619095,711.4554646015167,1
2019-06-11,20676.015370607376,711.4554646015167,1
2019-06-12,20534.335652589798,711.4554646015167,1
2019-06-13,20047.695088624954,711.4554646015167,1
2019-06-14,19413.21584057808,711.4554646015167,1
2019-06-17,18698.65593457222,711.4554646015167,1
2019-06-18,19468.65593457222,711.4554646015167,1
2019-06-19,19609.488597154617,740.3222229480743,1
2019-06-20,19041.98800587654,740.3222229480743,1
2019-06-21,19228.65544819832,740.3222229480743,1
2019-06-24,19376.98875927925,740.3222229480743,1
2019-06-25,19053.65621113777,740.3222229480743,1
2019-06-26,19012.822261095047,740.3222229480743,1
2019-06-27,19310.322156190872,740.3222229480743,1
2019-06-28,19361.988654375076,740.3222229480743,1
2019-07-01,19671.155562639236,740.3222229480743,1
2019-07-02,19452.822556734085,740.3222229480743,1
2019-07-03,19512.82701420784,732.9907848834991,1
2019-07-05,19222.04222893715,732.9907848834991,1
2019-07-08,18873.55820965767,732.9907848834991,1
2019-07-09,18885.098720788956,732.9907848834991,1
2019-07-10,19202.421256303787,732.9907848834991,1
2019-07-11,19920.158450365067,732.9907848834991,1
2019-07-12,20073.62521481514,732.9907848834991,1
2019-07-15,20034.38769841194,732.9907848834991,1
2019-07-16,20012.469252824783,732.9907848834991,1
2019-07-17,20315.61488890648,753.7481906414032,1
2019-07-18,20369.794570207596,753.7481906414032,1
2019-07-19,20169.228216409683,753.7481906414032,1
2019-07-22,20501.192408323288,753.7481906414032,1
2019-07-23,21001.45139193535,753.7481906414032,1
2019-07-24,21347.25194144249,753.7481906414032,1
2019-07-25,20738.63801932335,753.7481906414032,1
2019-07-26,20933.448625326157,753.7481906414032,1
2019-07-29,20904.625645399094,753.7481906414032,1
2019-07-30,20977.242743253708,753.7481906414032,1
2019-07-31,20202.84417939186,788.6238009929657,1
2019-08-01,19765.58536219597,788.6238009929657,1
2019-08-02,19336.37776207924,788.6238009929657,1
2019-08-05,19336.37776207924,19336.37776207924,0
2019-08-06,19336.37776207924,19336.37776207924,0
2019-08-07,19336.37776207924,19336.37776207924,0
2019-08-08,19336.37776207924,19336.37776207924,0
2019-08-09,19336.37776207924,19336.37776207924,0
2019-08-12,19336.37776207924,19336.37776207924,0
2019-08-13,19336.37776207924,19336.37776207924,0
2019-08-14,19336.37776207924,19336.37776207924,0
2019-08-15,19336.37776207924,19336.37776207924,0
2019-08-16,19336.37776207924,19336.37776207924,0
2019-08-19,19336.37776207924,19336.37776207924,0
2019-08-20,19336.37776207924,19336.37776207924,0
2019-08-21,19336.37776207924,19336.37776207924,0
2019-08-22,19336.37776207924,19336.37776207924,0
2019-08-23,19336.37776207924,19336.37776207924,0
2019-08-26,19336.37776207924,19336.37776207924,0
2019-08-27,19336.37776207924,19336.37776207924,0
2019-08-28,19336.37776207924,19336.37776207924,0
2019-08-29,19336.37776207924,19336.37776207924,0
2019-08-30,19336.37776207924,19336.37776207924,0
2019-09-03,18965.300699472427,725.5867574214935,1
2019-09-04,19475.255821466446,725.5867574214935,1
2019-09-05,20695.167511224747,725.5867574214935,1
2019-09-06,20574.06030535698,725.5867574214935,1
2019-09-09,20779.604093313217,725.5867574214935,1
2019-09-10,21077.361208677292,725.5867574214935,1
2019-09-11,21205.126893281937,725.5867574214935,1
2019-09-12,21198.459894418716,725.5867574214935,1
2019-09-13,20939.597155809402,725.5867574214935,1
2019-09-16,20747.98552250862,788.9393756389618,1
2019-09-17,20843.22864985466,788.9393756389618,1
2019-09-18,20722.50525212288,788.9393756389618,1
2019-09-19,20385.817452669144,788.9393756389618,1
2019-09-20,19915.116171121597,788.9393756389618,1
2019-09-23,20153.231421232224,788.9393756389618,1
2019-09-24,19897.392519712448,788.9393756389618,1
2019-09-25,20528.693822145462,788.9393756389618,1
2019-09-26,20430.119149446487,788.9393756389618,1
2019-09-27,19812.107931375504,788.9393756389618,1
2019-09-30,19812.107931375504,19812.107931375504,0
2019-10-01,20114.397995233536,751.2612612247467,1
2019-10-02,19990.94988656044,751.2612612247467,1
2019-10-03,19191.701152086258,751.2612612247467,1
2019-10-04,19258.941386461258,720.7245895862579,1
2019-10-07,19499.367167711258,720.7245895862579,1
2019-10-08,18776.054667711258,720.7245895862579,1
2019-10-09,19130.580058336258,720.7245895862579,1
2019-10-10,19366.927714586258,720.7245895862579,1
2019-10-11,19668.486308336258,720.7245895862579,1
2019-10-14,19723.492167711258,720.7245895862579,1
2019-10-15,20725.941386461258,720.7245895862579,1
2019-10-16,20505.890605211258,720.7245895862579,1
2019-10-17,20514.040995836258,720.7245895862579,1
2019-10-18,20127.95369029045,773.8804686069489,1
2019-10-21,20688.79697918892,773.8804686069489,1
2019-10-22,20648.160310983658,773.8804686069489,1
2019-10-23,20595.324071645737,773.8804686069489,1
2019-10-24,20775.162073373795,773.8804686069489,1
2019-10-25,21555.461291074753,773.8804686069489,1
2019-10-28,21784.060567617416,773.8804686069489,1
2019-10-29,21390.86350083351,773.8804686069489,1
2019-10-30,21398.99589896202,773.8804686069489,1
2019-10-31,21197.820822000504,773.8804686069489,1
2019-11-01,21357.14134812355,798.8791716098785,1
2019-11-04,22159.823652505875,798.8791716098785,1
2019-11-05,22069.509855508804,798.8791716098785,1
2019-11-06,21868.58879685402,798.8791716098785,1
2019-11-07,21940.63828110695,798.8791716098785,1
2019-11-08,21883.80451798439,798.8791716098785,1
2019-11-11,21924.401174783707,798.8791716098785,1
2019-11-12,22069.509855508804,798.8791716098785,1
2019-11-13,21963.97255539894,798.8791716098785,1
2019-11-14,22087.77222275734,798.8791716098785,1
2019-11-15,21520.334489107132,830.1863672733307,1
2019-11-18,22340.08354496956,830.1863672733307,1
2019-11-19,21905.39186024666,830.1863672733307,1
2019-11-20,22228.621000528336,830.1863672733307,1
2019-11-21,22127.293180704117,830.1863672733307,1
2019-11-22,22199.234767198563,830.1863672733307,1
2019-11-25,23244.935536623,830.1863672733307,1
2019-11-26,22818.352408647537,830.1863672733307,1
2019-11-27,22960.318201303482,830.1863672733307,1
2019-11-29,22808.20797085762,830.1863672733307,1
2019-12-02,22049.63603425026,857.1598842144012,1
2019-12-03,21888.610773324966,857.1598842144012,1
2019-12-04,22066.855756521225,857.1598842144012,1
2019-12-05,21997.986568689346,857.1598842144012,1
2019-12-06,22345.372880220413,857.1598842144012,1
2019-12-09,22345.372880220413,857.1598842144012,1
2019-12-10,22528.67803645134,857.1598842144012,1
2019-12-11,22868.978553533554,857.1598842144012,1
2019-12-12,23550.580756902695,857.1598842144012,1
2019-12-13,23542.480211496353,857.1598842144012,1
2019-12-16,23659.81801056862,885.0356771945953,1
2019-12-17,23977.440096139908,885.0356771945953,1
2019-12-18,24100.843416452408,885.0356771945953,1
2019-12-19,24702.71559357643,885.0356771945953,1
2019-12-20,25098.22246003151,885.0356771945953,1
2019-12-23,25042.588258981705,885.0356771945953,1
2019-12-24,25022.356935739517,885.0356771945953,1
2019-12-26,25080.01620697975,885.0356771945953,1
2019-12-27,24845.3367331028,885.0356771945953,1
2019-12-30,24385.999498605728,932.2016241550446,1
2019-12-31,24686.835409402847,932.2016241550446,1
2020-01-02,25152.239763498306,932.2016241550446,1
2020-01-03,24764.578478097916,932.2016241550446,1
2020-01-06,24864.51478791237,932.2016241550446,1
2020-01-07,25154.26471543312,932.2016241550446,1
2020-01-08,25199.689783334732,932.2016241550446,1
2020-01-09,25466.211752176285,932.2016241550446,1
2020-01-10,25597.454553842545,932.2016241550446,1
2020-01-13,26369.8104865551,962.607507944107,1
2020-01-14,25895.908746004105,962.607507944107,1
2020-01-15,25723.484256982803,962.607507944107,1
2020-01-16,26062.27552628517,962.607507944107,1
2020-01-17,26097.5632250309,962.607507944107,1
2020-01-21,25962.4546854496,962.607507944107,1
2020-01-22,26181.26043868065,962.607507944107,1
2020-01-23,26458.541625261307,962.607507944107,1
2020-01-24,26218.564798116684,962.607507944107,1
2020-01-27,25183.049803972244,987.5455057621002,1
2020-01-28,25965.731505155563,987.5455057621002,1
2020-01-29,25720.953030347824,987.5455057621002,1
2020-01-30,25748.151067495346,987.5455057621002,1
2020-01-31,24803.300056695938,987.5455057621002,1
2020-02-03,29549.066314935684,949.0663149356842,1
2020-02-04,33474.599418878555,949.0663149356842,1
2020-02-05,27949.010063409805,1303.8903124332428,1
2020-02-06,28470.92697930336,1058.9903147220612,1
2020-02-07,28438.352722406387,1058.9903147220612,1
2020-02-10,29287.838409662247,1058.9903147220612,1
2020-02-11,29401.29751610756,1058.9903147220612,1
2020-02-12,29141.80504631996,1058.9903147220612,1
2020-02-13,30485.38947701454,1058.9903147220612,1
2020-02-14,30340.089107751846,1058.9903147220612,1
2020-02-18,32476.42967247963,1058.9903147220612,1
2020-02-19,34636.5611307621,1058.9903147220612,1
2020-02-20,34000.97147011757,1299.5355875492096,1
2020-02-21,32451.177280664444,1299.5355875492096,1
2020-02-24,30248.831547021866,1299.5355875492096,1
2020-02-25,29067.548710107803,1177.354313135147,1
2020-02-26,29067.548710107803,29067.548710107803,0
2020-02-27,29067.548710107803,29067.548710107803,0
2020-02-28,29067.548710107803,29067.548710107803,0
2020-03-02,29067.548710107803,29067.548710107803,0
2020-03-03,28001.008110284805,1095.7572929859161,1
2020-03-04,29885.15996146202,1095.7572929859161,1
2020-03-05,28749.80716586113,1095.7572929859161,1
2020-03-06,28016.18949341774,1095.7572929859161,1
2020-03-09,28016.18949341774,28016.18949341774,0
2020-03-10,28016.18949341774,28016.18949341774,0
2020-03-11,28016.18949341774,28016.18949341774,0
2020-03-12,28016.18949341774,28016.18949341774,0
2020-03-13,28016.18949341774,28016.18949341774,0
2020-03-16,28016.18949341774,28016.18949341774,0
2020-03-17,28016.18949341774,28016.18949341774,0
2020-03-18,28016.18949341774,28016.18949341774,0
2020-03-19,28016.18949341774,28016.18949341774,0
2020-03-20,28016.18949341774,28016.18949341774,0
2020-03-23,28016.18949341774,28016.18949341774,0
2020-03-24,28016.18949341774,28016.18949341774,0
2020-03-25,28016.18949341774,28016.18949341774,0
2020-03-26,28016.18949341774,28016.18949341774,0
2020-03-27,28016.18949341774,28016.18949341774,0
2020-03-30,28016.18949341774,28016.18949341774,0
2020-03-31,28016.18949341774,28016.18949341774,0
2020-04-01,28016.18949341774,28016.18949341774,0
2020-04-02,28016.18949341774,28016.18949341774,0
2020-04-03,28016.18949341774,28016.18949341774,0
2020-04-06,28016.18949341774,28016.18949341774,0
2020-04-07,27074.81215786934,1050.804049730301,1
2020-04-08,27870.514364480972,1050.804049730301,1
2020-04-09,27468.638209581375,1050.804049730301,1
2020-04-13,28161.8684694767,1050.804049730301,1
2020-04-14,29578.453879594803,1050.804049730301,1
2020-04-15,29266.002156496048,1050.804049730301,1
2020-04-16,30658.47572827339,1050.804049730301,1
2020-04-17,30419.363619089127,1050.804049730301,1
2020-04-20,29889.901503801346,1050.804049730301,1
2020-04-21,27591.774703264236,1130.1636955738068,1
2020-04-22,29340.80326771736,1130.1636955738068,1
2020-04-23,28320.439589738846,1130.1636955738068,1
2020-04-24,29072.610862016678,1130.1636955738068,1
2020-04-27,31908.663695573807,1130.1636955738068,1
2020-04-28,30766.920546770096,1130.1636955738068,1
2020-04-29,31976.48185658455,1130.1636955738068,1
2020-04-30,31258.605521440506,1130.1636955738068,1
2020-05-01,28154.360282182693,1130.1636955738068,1
2020-05-04,30461.35076069832,1130.1636955738068,1
2020-05-05,30707.92060494423,1145.4869167804718,1
2020-05-06,31115.519468069077,1145.4869167804718,1
2020-05-07,31828.063579320908,1145.4869167804718,1
2020-05-08,32595.957863092422,1145.4869167804718,1
2020-05-11,33614.45499062538,1145.4869167804718,1
2020-05-12,32555.69530940056,1145.4869167804718,1
2020-05-13,32465.12335085869,1145.4869167804718,1
2020-05-14,33473.54857754707,1145.4869167804718,1
2020-05-15,35326.36597657204,1145.4869167804718,1
2020-05-18,36371.018830537796,1145.4869167804718,1
2020-05-19,36591.99821591377,1372.129784822464,1
2020-05-20,37249.97015595436,1372.129784822464,1
2020-05-21,36471.00939869881,1372.129784822464,1
2020-05-22,37474.935532808304,1372.129784822464,1
2020-05-26,36241.0241997242,1372.129784822464,1
2020-05-27,35471.069256067276,1372.129784822464,1
2020-05-28,35318.08146595955,1372.129784822464,1
2020-05-29,36871.97869896889,1372.129784822464,1
2020-06-01,36595.00015377998,1372.129784822464,1
2020-06-02,36670.97926449776,1380.902604341507,1
2020-06-03,36448.05284810066,1380.902604341507,1
2020-06-04,36452.0608150959,1380.902604341507,1
2020-06-05,37066.14873242378,1380.902604341507,1
2020-06-08,36606.0746986866,1380.902604341507,1
2020-06-09,37570.214701890945,1380.902604341507,1
2020-06-10,38853.39959645271,1380.902604341507,1
2020-06-11,36571.07484936714,1380.902604341507,1
2020-06-12,37116.15070462227,1380.902604341507,1
2020-06-15,38081.289828538895,1380.902604341507,1
2020-06-16,37757.38630986214,1484.0511810779572,1
2020-06-17,38114.160754442215,1484.0511810779572,1
2020-06-18,38563.63907170296,1484.0511810779572,1
2020-06-19,38450.62597966194,1484.0511810779572,1
2020-06-22,38207.604296922684,1484.0511810779572,1
2020-06-23,38483.124957323074,1484.0511810779572,1
2020-06-24,36971.44276738167,1484.0511810779572,1
2020-06-25,37899.58043217659,1484.0511810779572,1
2020-06-26,36930.44815373421,1484.0511810779572,1
2020-06-29,38762.711688280106,1484.0511810779572,1
2020-06-30,39969.8909676075,1462.1657860279083,1
2020-07-01,40100.66274189949,1462.1657860279083,1
2020-07-02,40434.15249180794,1462.1657860279083,1
2020-07-06,41354.48969578743,1462.1657860279083,1
2020-07-07,41486.2507545948,1462.1657860279083,1
2020-07-08,42881.97990345955,1462.1657860279083,1
2020-07-09,44069.92050862312,1462.1657860279083,1
2020-07-10,43949.30150914192,1462.1657860279083,1
2020-07-13,42218.08076405525,1462.1657860279083,1
2020-07-14,42753.69353413582,1597.8524162769318,1
2020-07-15,43546.25548481941,1597.8524162769318,1
2020-07-16,42315.21649098396,1597.8524162769318,1
2020-07-17,42320.6443169117,1597.8524162769318,1
2020-07-20,46177.91887593269,1597.8524162769318,1
2020-07-21,44152.687720537186,1597.8524162769318,1
2020-07-22,44803.073546648026,1597.8524162769318,1
2020-07-23,42652.48383259773,1597.8524162769318,1
2020-07-24,40045.78595662117,1597.8524162769318,1
2020-07-27,43372.332167863846,1597.8524162769318,1
2020-07-28,42549.53179860115,1645.4814293384552,1
2020-07-29,47679.92921376228,1645.4814293384552,1
2020-07-30,48956.47958302498,1645.4814293384552,1
2020-07-31,48490.6316139698,1645.4814293384552,1
2020-08-03,48635.83032155037,1645.4814293384552,1
2020-08-04,53094.6819832325,1645.4814293384552,1
2020-08-05,53258.029952287674,1645.4814293384552,1
2020-08-06,54105.03087544441,1645.4814293384552,1
2020-08-07,53480.313789606094,2034.2967312335968,1
2020-08-10,53321.82578969002,2034.2967312335968,1
2020-08-11,51874.840943574905,2034.2967312335968,1
2020-08-12,54586.22219204903,2034.2967312335968,1
2020-08-13,54598.84602475166,2034.2967312335968,1
2020-08-14,55154.677070856094,2034.2967312335968,1
2020-08-17,58705.52561211586,2034.2967312335968,1
2020-08-18,58355.26260495186,2034.2967312335968,1
2020-08-19,57793.695451021194,2034.2967312335968,1
2020-08-20,57805.18524861336,2034.2967312335968,1
2020-08-21,60290.72158265114,2179.5019085407257,1
2020-08-24,60459.099438905716,2179.5019085407257,1
2020-08-25,60595.39926838875,2179.5019085407257,1
2020-08-26,60700.77407383919,2179.5019085407257,1
2020-08-27,60037.58706498146,2179.5019085407257,1
2020-08-28,62417.752977609634,2179.5019085407257,1
2020-08-31,63456.634749650955,2179.5019085407257,1
2020-09-01,65521.276859521866,2179.5019085407257,1
2020-09-02,67929.64969086647,2179.5019085407257,1
2020-09-03,61829.67335629463,2179.5019085407257,1
2020-09-04,61448.07423520088,2400.8726971149445,1
2020-09-08,59057.674454927444,2400.8726971149445,1
2020-09-09,61376.075333833694,2400.8726971149445,1
2020-09-10,59266.47511410713,2400.8726971149445,1
2020-09-11,58584.29975438118,2227.897838830948,1
2020-09-14,61863.186500787735,2227.897838830948,1
2020-09-15,62413.35851311684,2227.897838830948,1
2020-09-16,60205.79242730141,2227.897838830948,1
2020-09-17,59969.51060128212,2227.897838830948,1
2020-09-18,58698.966195344925,2227.897838830948,1
2020-09-21,59623.2716152668,2251.150307893753,1
2020-09-22,59623.2716152668,59623.2716152668,0
2020-09-23,59623.2716152668,59623.2716152668,0
2020-09-24,59623.2716152668,59623.2716152668,0
2020-09-25,59623.2716152668,59623.2716152668,0
2020-09-28,59623.2716152668,59623.2716152668,0
2020-09-29,59623.2716152668,59623.2716152668,0
2020-09-30,59623.2716152668,59623.2716152668,0
2020-10-01,62182.99358487129,2278.9377224445343,1
2020-10-02,57762.63186001778,2278.9377224445343,1
2020-10-05,59178.16137051582,2278.9377224445343,1
2020-10-06,59178.16137051582,59178.16137051582,0
2020-10-07,60121.45812153816,2221.9228994846344,1
2020-10-08,59602.122542619705,2221.9228994846344,1
2020-10-09,59287.01337170601,2221.9228994846344,1
2020-10-12,61207.800617456436,2221.9228994846344,1
2020-10-13,61300.04955506325,2221.9228994846344,1
2020-10-14,60665.65863251686,2221.9228994846344,1
2020-10-15,60146.33098626137,2221.9228994846344,1
2020-10-16,59489.13365769386,2221.9228994846344,1
2020-10-19,58188.23246026039,2221.9228994846344,1
2020-10-20,58800.84822297096,2221.9228994846344,1
2020-10-21,58300.057817697525,2208.3189260959625,1
2020-10-22,57620.91414093971,2208.3189260959625,1
2020-10-23,58571.70179963112,2208.3189260959625,1
2020-10-26,56709.537492990494,2208.3189260959625,1
2020-10-27,56709.537492990494,56709.537492990494,0
2020-10-28,56709.537492990494,56709.537492990494,0
2020-10-29,56709.537492990494,56709.537492990494,0
2020-10-30,56709.537492990494,56709.537492990494,0
2020-11-02,56709.537492990494,56709.537492990494,0
2020-11-03,56709.537492990494,56709.537492990494,0
2020-11-04,56709.537492990494,56709.537492990494,0
2020-11-05,56709.537492990494,56709.537492990494,0
2020-11-06,56709.537492990494,56709.537492990494,0
2020-11-09,56709.537492990494,56709.537492990494,0
2020-11-10,56709.537492990494,56709.537492990494,0
2020-11-11,64349.61764168739,2137.537492990494,1
2020-11-12,58970.377195596695,2137.537492990494,1
2020-11-13,63725.93823647499,2137.537492990494,1
2020-11-16,64232.67868256569,2137.537492990494,1
2020-11-17,71716.83897995949,2137.537492990494,1
2020-11-18,71910.18602967262,2690.8875048160553,1
2020-11-19,76086.54573464394,2690.8875048160553,1
2020-11-20,72876.93602967262,2690.8875048160553,1
2020-11-23,84052.5710451603,2690.8875048160553,1
2020-11-24,94802.82632470131,2690.8875048160553,1
2020-11-25,97856.50552392006,3720.5080263614655,1
2020-11-27,99785.14462304115,3720.5080263614655,1
2020-11-30,96806.90652489662,3720.5080263614655,1
2020-12-01,99621.14712548256,3720.5080263614655,1
2020-12-02,97006.99172997475,3720.5080263614655,1
2020-12-03,101034.82882714272,3720.5080263614655,1
2020-12-04,101963.06442284584,3720.5080263614655,1
2020-12-07,108969.14712548256,3720.5080263614655,1
2020-12-08,110300.82632470131,3720.5080263614655,1
2020-12-09,102885.49398827553,4153.761352777481,1
2020-12-10,106575.193390131,4153.761352777481,1
2020-12-11,103785.46224999428,4153.761352777481,1
2020-12-14,108659.3308107853,4153.761352777481,1
2020-12-15,107584.59219384193,4153.761352777481,1
2020-12-16,105872.85955834389,4153.761352777481,1
2020-12-17,111284.09368920326,4153.761352777481,1
2020-12-18,117670.43051171303,4153.761352777481,1
2020-12-21,110297.55896019936,4153.761352777481,1
2020-12-22,108742.6299135685,4153.761352777481,1
2020-12-23,109663.82482933998,4153.761352777481,1
2020-12-24,112242.85955834389,4153.761352777481,1
2020-12-28,112556.45925927162,4153.761352777481,1
2020-12-29,112932.13140892982,4153.761352777481,1
2020-12-30,117634.49697899818,4153.761352777481,1
2020-12-31,119413.19189476967,4153.761352777481,1
2021-01-04,123349.52871727943,4153.761352777481,1
2021-01-05,124221.7281191349,4153.761352777481,1
2021-01-06,127609.62399315834,4888.871353387833,1
2021-01-07,137359.36607384682,4888.871353387833,1
2021-01-08,147745.44956994057,4888.871353387833,1
2021-01-11,136572.0484163761,4888.871353387833,1
2021-01-12,142781.2984163761,4888.871353387833,1
2021-01-13,143588.10023522377,4888.871353387833,1
2021-01-14,142060.53306603432,4888.871353387833,1
2021-01-15,139002.17366051674,4888.871353387833,1
2021-01-19,141987.48603844643,4888.871353387833,1
2021-01-20,142941.32331871986,5451.904678583145,1
2021-01-21,142058.61976647377,5451.904678583145,1
2021-01-22,142325.3638460636,5451.904678583145,1
2021-01-25,147847.90763878822,5451.904678583145,1
2021-01-26,148218.12568688393,5451.904678583145,1
2021-01-27,145157.77687096596,5451.904678583145,1
2021-01-28,140513.08189415932,5451.904678583145,1
2021-01-29,133739.25941491127,5451.904678583145,1
2021-02-01,129275.27494835854,5015.638298273087,1
2021-02-02,118517.81997323036,5015.638298273087,1
2021-02-03,118296.93705773354,4453.8968937397,1
2021-02-04,119422.27162575722,4453.8968937397,1
2021-02-05,118805.98479676247,4453.8968937397,1
2021-02-08,125938.760171175,4453.8968937397,1
2021-02-09,124462.15482354164,4453.8968937397,1
2021-02-10,128677.46050190926,4453.8968937397,1
2021-02-11,132770.77849698067,4453.8968937397,1
2021-02-12,130334.9915831089,4453.8968937397,1
2021-02-16,133439.6951944828,4453.8968937397,1
2021-02-17,129885.36433434486,5004.268914461136,1
2021-02-18,129240.27678990364,5004.268914461136,1
2021-02-19,130057.08963990211,5004.268914461136,1
2021-02-22,125275.40435528755,5004.268914461136,1
2021-02-23,123484.65088200569,5004.268914461136,1
2021-02-24,126475.54263424873,5004.268914461136,1
2021-02-25,116493.27416443825,5004.268914461136,1
2021-02-26,116493.27416443825,116493.27416443825,0
2021-03-01,116493.27416443825,116493.27416443825,0
2021-03-02,116493.27416443825,116493.27416443825,0
2021-03-03,116493.27416443825,116493.27416443825,0
2021-03-04,116493.27416443825,116493.27416443825,0
2021-03-05,116493.27416443825,116493.27416443825,0
2021-03-08,116493.27416443825,116493.27416443825,0
2021-03-09,116493.27416443825,116493.27416443825,0
2021-03-10,116493.27416443825,116493.27416443825,0
2021-03-11,116493.27416443825,116493.27416443825,0
2021-03-12,116493.27416443825,116493.27416443825,0
2021-03-15,116493.27416443825,116493.27416443825,0
2021-03-16,116493.27416443825,116493.27416443825,0
2021-03-17,116493.27416443825,116493.27416443825,0
2021-03-18,116493.27416443825,116493.27416443825,0
2021-03-19,116493.27416443825,116493.27416443825,0
2021-03-22,116493.27416443825,116493.27416443825,0
2021-03-23,116493.27416443825,116493.27416443825,0
2021-03-24,116493.27416443825,116493.27416443825,0
2021-03-25,116493.27416443825,116493.27416443825,0
2021-03-26,116493.27416443825,116493.27416443825,0
2021-03-29,116493.27416443825,116493.27416443825,0
2021-03-30,116493.27416443825,116493.27416443825,0
2021-03-31,116493.27416443825,116493.27416443825,0
2021-04-01,116493.27416443825,116493.27416443825,0
2021-04-05,116493.27416443825,116493.27416443825,0
2021-04-06,116493.27416443825,116493.27416443825,0
2021-04-07,116493.27416443825,116493.27416443825,0
2021-04-08,117868.59410881996,4379.255911111832,1
2021-04-09,118526.51462769508,4379.255911111832,1
2021-04-12,124939.3849966526,4379.255911111832,1
2021-04-13,128668.97539544106,4379.255911111832,1
2021-04-14,125478.40832543373,4379.255911111832,1
2021-04-15,132297.55243897438,4379.255911111832,1
2021-04-16,130515.95117211342,4379.255911111832,1
2021-04-19,126150.20397210121,4379.255911111832,1
2021-04-20,124640.11872315407,4379.255911111832,1
2021-04-21,126140.29208397865,4379.255911111832,1
2021-04-22,122107.3202431202,4731.697873353958,1
2021-04-23,125387.45384907722,4731.697873353958,1
2021-04-26,127069.01799321175,4731.697873353958,1
2021-04-27,126308.2535545826,4731.697873353958,1
2021-04-28,125478.33695530891,4731.697873353958,1
2021-04-29,125857.72934365273,4731.697873353958,1
2021-04-30,123366.01499581337,4731.697873353958,1
2021-05-03,122000.59984135628,4731.697873353958,1
2021-05-04,122000.59984135628,122000.59984135628,0
2021-05-05,122000.59984135628,122000.59984135628,0
2021-05-06,122000.59984135628,122000.59984135628,0
2021-05-07,122000.59984135628,122000.59984135628,0
2021-05-10,122000.59984135628,122000.59984135628,0
2021-05-11,122000.59984135628,122000.59984135628,0
2021-05-12,122000.59984135628,122000.59984135628,0
2021-05-13,122000.59984135628,122000.59984135628,0
2021-05-14,122000.59984135628,122000.59984135628,0
2021-05-17,122000.59984135628,122000.59984135628,0
2021-05-18,122000.59984135628,122000.59984135628,0
2021-05-19,122000.59984135628,122000.59984135628,0
2021-05-20,122000.59984135628,122000.59984135628,0
2021-05-21,122000.59984135628,122000.59984135628,0
2021-05-24,122000.59984135628,122000.59984135628,0
2021-05-25,122000.59984135628,122000.59984135628,0
2021-05-26,122000.59984135628,122000.59984135628,0
2021-05-27,122000.59984135628,122000.59984135628,0
2021-05-28,122000.59984135628,122000.59984135628,0
2021-06-01,122145.1914627552,4576.005465745926,1
2021-06-02,125858.89637684822,4576.005465745926,1
2021-06-03,127243.1586792469,4576.005465745926,1
2021-06-04,131641.70435261726,4576.005465745926,1
2021-06-07,131936.27764821053,4576.005465745926,1
2021-06-08,130765.25412678719,4576.005465745926,1
2021-06-09,130080.19223713875,4576.005465745926,1
2021-06-10,130562.80927205086,4576.005465745926,1
2021-06-11,133456.6733353138,4576.005465745926,1
2021-06-14,134850.92430233955,5020.666892290115,1
2021-06-15,133191.92941212654,5020.666892290115,1
2021-06-16,133348.63820195198,5020.666892290115,1
2021-06-17,139451.50762677193,5020.666892290115,1
2021-06-18,139318.2128765583,5020.666892290115,1
2021-06-21,137794.303221941,5020.666892290115,1
2021-06-22,141105.11728787422,5020.666892290115,1
2021-06-23,142333.62440037727,5020.666892290115,1
2021-06-24,143401.8004333973,5020.666892290115,1
2021-06-25,142144.50782513618,5020.666892290115,1
2021-06-28,149002.17752575874,5343.489949464798,1
2021-06-29,149302.2709095478,5343.489949464798,1
2021-06-30,149127.94468426704,5343.489949464798,1
2021-07-01,150633.86659741402,5343.489949464798,1
2021-07-02,152610.6905415058,5343.489949464798,1
2021-07-06,154131.012540102,5343.489949464798,1
2021-07-07,151782.23219037056,5343.489949464798,1
2021-07-08,148410.90836834908,5343.489949464798,1
2021-07-09,149471.2245838642,5343.489949464798,1
2021-07-12,145956.36078381538,5775.141820192337,1
2021-07-13,143488.6004383564,5775.141820192337,1
2021-07-14,135921.18320202827,5775.141820192337,1
2021-07-15,135365.1834461689,5245.1822254657745,1
2021-07-16,133807.26207470894,5144.042989015579,1
2021-07-19,134840.8857319355,5144.042989015579,1
2021-07-20,135634.82390332222,5144.042989015579,1
2021-07-21,135634.82390332222,135634.82390332222,0
2021-07-22,136872.258633852,5096.0849277973175,1
2021-07-23,136872.258633852,136872.258633852,0
2021-07-26,136872.258633852,136872.258633852,0
2021-07-27,134304.25936627388,5348.259610414505,1
2021-07-28,134744.26180768013,5348.259610414505,1
2021-07-29,140818.26388287544,5348.259610414505,1
2021-07-30,142788.25900006294,5348.259610414505,1
2021-08-02,147282.26229596138,5348.259610414505,1
2021-08-03,147296.26070904732,5348.259610414505,1
2021-08-04,147532.25619244576,5348.259610414505,1
2021-08-05,148274.26363873482,5348.259610414505,1
2021-08-06,145168.26388287544,5348.259610414505,1
2021-08-09,148100.2585117817,5348.259610414505,1
2021-08-10,145578.74051213264,5554.587722063065,1
2021-08-11,143914.09907078743,5554.587722063065,1
2021-08-12,145361.01387524605,5554.587722063065,1
2021-08-13,147348.72099232674,5554.587722063065,1
2021-08-16,145677.07126927376,5554.587722063065,1
2021-08-17,142221.4379284382,5554.587722063065,1
2021-08-18,139285.53177762032,5554.587722063065,1
2021-08-19,133346.1673271656,5225.688136339188,1
2021-08-20,132550.71935009956,5225.688136339188,1
2021-08-23,136846.14651799202,5225.688136339188,1
2021-08-24,138330.99015927315,5225.688136339188,1
2021-08-25,134353.74015927315,5225.688136339188,1
2021-08-26,137111.3025867939,5225.688136339188,1
2021-08-27,141565.81328129768,5225.688136339188,1
2021-08-30,141830.96935009956,5225.688136339188,1
2021-08-31,144906.70894551277,5225.688136339188,1
2021-09-01,144164.2921822071,5225.688136339188,1
2021-09-02,143886.0720627308,5420.32833981514,1
2021-09-03,146649.69846653938,5420.32833981514,1
2021-09-07,145530.62639164925,5420.32833981514,1
2021-09-08,143533.64730763435,5420.32833981514,1
2021-09-09,142532.06196713448,5420.32833981514,1
2021-09-10,144393.02678990364,5420.32833981514,1
2021-09-13,142377.49654698372,5420.32833981514,1
2021-09-14,142933.93678593636,5420.32833981514,1
2021-09-15,143546.0186855793,5420.32833981514,1
2021-09-16,143757.91547513008,5481.074471712112,1
2021-09-17,144214.5793545246,5481.074471712112,1
2021-09-20,138858.79413723946,5481.074471712112,1
2021-09-21,140541.15815091133,5481.074471712112,1
2021-09-22,142835.448251009,5481.074471712112,1
2021-09-23,143145.9810268879,5481.074471712112,1
2021-09-24,146936.31714749336,5481.074471712112,1
2021-09-27,150036.17627835274,5481.074471712112,1
2021-09-28,147515.37293362617,5481.074471712112,1
2021-09-29,148200.37293362617,5481.074471712112,1
2021-09-30,148200.37293362617,148200.37293362617,0
2021-10-01,148152.61780667305,5770.538644075394,1
2021-10-04,149311.55402493477,5770.538644075394,1
2021-10-05,149138.89569973946,5770.538644075394,1
2021-10-06,149535.61637234688,5770.538644075394,1
2021-10-07,151530.25049710274,5770.538644075394,1
2021-10-08,150038.86124539375,5770.538644075394,1
2021-10-11,151223.5246975422,5770.538644075394,1
2021-10-12,153754.44553494453,5770.538644075394,1
2021-10-13,154738.89057278633,5770.538644075394,1
2021-10-14,156068.65226101875,5770.538644075394,1
2021-10-15,160598.8173611164,6043.311990022659,1
2021-10-18,165563.4871609211,6043.311990022659,1
2021-10-19,164492.8099758625,6043.311990022659,1
2021-10-20,164773.31534695625,6043.311990022659,1
2021-10-21,169943.31199002266,6043.311990022659,1
2021-10-22,172817.97171902657,6043.311990022659,1
2021-10-25,193934.30930447578,6043.311990022659,1
2021-10-26,206430.4845211506,7289.252581834793,1
2021-10-27,204287.41812634468,7289.252581834793,1
2021-10-28,208235.25629544258,7289.252581834793,1
2021-10-29,213278.8333580494,7289.252581834793,1
2021-11-01,215373.6423408985,7289.252581834793,1
2021-11-02,219998.2391293049,7289.252581834793,1
2021-11-03,221585.452201128,7289.252581834793,1
2021-11-04,247391.5266907215,7289.252581834793,1
2021-11-05,247000.08953404427,9281.9259827137,1
2021-11-08,255405.54356312752,9281.9259827137,1
2021-11-09,254230.97249913216,9281.9259827137,1
2021-11-10,244658.9795486927,9281.9259827137,1
2021-11-11,252097.67511677742,9281.9259827137,1
2021-11-12,252097.67511677742,9281.9259827137,1
2021-11-15,249181.35071873665,9281.9259827137,1
2021-11-16,250603.51334309578,9281.9259827137,1
2021-11-17,243076.9681236744,9281.9259827137,1
2021-11-18,262364.7996208668,9281.9259827137,1
2021-11-19,272808.2021706104,9850.93569111824,1
2021-11-22,264604.93412709236,9850.93569111824,1
2021-11-23,262930.828574419,9850.93569111824,1
2021-11-24,270328.8944923878,9850.93569111824,1
2021-11-26,260993.59901356697,9850.93569111824,1
2021-11-29,275925.2237160206,9850.93569111824,1
2021-11-30,270344.7703011036,9850.93569111824,1
2021-12-01,260482.20600056648,9850.93569111824,1
2021-12-02,265991.53823018074,9850.93569111824,1
2021-12-03,254659.21134114265,9986.230674028397,1
2021-12-06,246249.16652607918,9986.230674028397,1
2021-12-07,265106.60397458076,9252.550858736038,1
2021-12-08,260364.6714680195,9252.550858736038,1
2021-12-09,249823.41500210762,9252.550858736038,1
2021-12-10,247519.48371815681,9252.550858736038,1
2021-12-13,247519.48371815681,247519.48371815681,0
2021-12-14,247519.48371815681,247519.48371815681,0
2021-12-15,247519.48371815681,247519.48371815681,0
2021-12-16,247519.48371815681,247519.48371815681,0
2021-12-17,247519.48371815681,247519.48371815681,0
2021-12-20,247519.48371815681,247519.48371815681,0
2021-12-21,247519.48371815681,247519.48371815681,0
2021-12-22,247519.48371815681,247519.48371815681,0
2021-12-23,247519.48371815681,247519.48371815681,0
2021-12-27,247519.48371815681,247519.48371815681,0
2021-12-28,247519.48371815681,247519.48371815681,0
2021-12-29,247519.48371815681,247519.48371815681,0
2021-12-30,247519.48371815681,247519.48371815681,0
2021-12-31,247519.48371815681,247519.48371815681,0
2022-01-03,247519.48371815681,247519.48371815681,0
2022-01-04,237565.12718129158,9563.117293596268,1
2022-01-05,225373.58299183846,9563.117293596268,1
2022-01-06,225373.58299183846,225373.58299183846,0
2022-01-07,225373.58299183846,225373.58299183846,0
2022-01-10,225373.58299183846,225373.58299183846,0
2022-01-11,225373.58299183846,225373.58299183846,0
2022-01-12,225373.58299183846,225373.58299183846,0
2022-01-13,225373.58299183846,225373.58299183846,0
2022-01-14,225373.58299183846,225373.58299183846,0
2022-01-18,221426.2483971119,8454.186019182205,1
2022-01-19,221426.2483971119,221426.2483971119,0
2022-01-20,221426.2483971119,221426.2483971119,0
2022-01-21,221426.2483971119,221426.2483971119,0
2022-01-24,221426.2483971119,221426.2483971119,0
2022-01-25,221426.2483971119,221426.2483971119,0
2022-01-26,221426.2483971119,221426.2483971119,0
2022-01-27,221426.2483971119,221426.2483971119,0
2022-01-28,221426.2483971119,221426.2483971119,0
2022-01-31,221426.2483971119,221426.2483971119,0
2022-02-01,221426.2483971119,221426.2483971119,0
2022-02-02,221426.2483971119,221426.2483971119,0
2022-02-03,221426.2483971119,221426.2483971119,0
2022-02-04,221426.2483971119,221426.2483971119,0
2022-02-07,221426.2483971119,221426.2483971119,0
2022-02-08,221426.2483971119,221426.2483971119,0
2022-02-09,221426.2483971119,221426.2483971119,0
2022-02-10,221426.2483971119,221426.2483971119,0
2022-02-11,221426.2483971119,221426.2483971119,0
2022-02-14,221426.2483971119,221426.2483971119,0
2022-02-15,221426.2483971119,221426.2483971119,0
2022-02-16,221426.2483971119,221426.2483971119,0
2022-02-17,221426.2483971119,221426.2483971119,0
2022-02-18,221426.2483971119,221426.2483971119,0
2022-02-22,221426.2483971119,221426.2483971119,0
2022-02-23,221426.2483971119,221426.2483971119,0
2022-02-24,221426.2483971119,221426.2483971119,0
2022-02-25,221426.2483971119,221426.2483971119,0
2022-02-28,221426.2483971119,221426.2483971119,0
2022-03-01,221426.2483971119,221426.2483971119,0
2022-03-02,221426.2483971119,221426.2483971119,0
2022-03-03,221426.2483971119,221426.2483971119,0
2022-03-04,221426.2483971119,221426.2483971119,0
2022-03-07,221426.2483971119,221426.2483971119,0
2022-03-08,221426.2483971119,221426.2483971119,0
2022-03-09,221426.2483971119,221426.2483971119,0
2022-03-10,221426.2483971119,221426.2483971119,0
2022-03-11,221426.2483971119,221426.2483971119,0
2022-03-14,221426.2483971119,221426.2483971119,0
2022-03-15,221426.2483971119,221426.2483971119,0
2022-03-16,221426.2483971119,221426.2483971119,0
2022-03-17,221426.2483971119,221426.2483971119,0
2022-03-18,221426.2483971119,221426.2483971119,0
2022-03-21,221426.2483971119,221426.2483971119,0
2022-03-22,221426.2483971119,221426.2483971119,0
2022-03-23,221426.2483971119,221426.2483971119,0
2022-03-24,224580.76487660408,8615.808516740799,1
2022-03-25,223882.131636858,8615.808516740799,1
2022-03-28,241177.72123646736,8615.808516740799,1
2022-03-29,242824.22657704353,8615.808516740799,1
2022-03-30,241635.67643666267,8615.808516740799,1
2022-03-31,238144.61631703377,8615.808516740799,1
2022-04-01,239633.4777367115,8615.808516740799,1
2022-04-04,252596.6676170826,8615.808516740799,1
2022-04-05,241054.18409657478,8615.808516740799,1
2022-04-06,231362.69059681892,8615.808516740799,1
2022-04-07,231362.69059681892,231362.69059681892,0
2022-04-08,228934.6646425724,8678.567950487137,1
2022-04-11,228240.94530415535,8678.567950487137,1
2022-04-12,230720.4496986866,8656.696952104568,1
2022-04-13,238689.95271992683,8656.696952104568,1
2022-04-14,230281.70381855965,8656.696952104568,1
2022-04-18,234621.948874712,8656.696952104568,1
2022-04-19,234621.948874712,234621.948874712,0
2022-04-20,234621.948874712,234621.948874712,0
2022-04-21,234621.948874712,234621.948874712,0
2022-04-22,234621.948874712,234621.948874712,0
2022-04-25,234621.948874712,234621.948874712,0
2022-04-26,234621.948874712,234621.948874712,0
2022-04-27,234621.948874712,234621.948874712,0
2022-04-28,234621.948874712,234621.948874712,0
2022-04-29,234621.948874712,234621.948874712,0
2022-05-02,234621.948874712,234621.948874712,0
2022-05-03,234621.948874712,234621.948874712,0
2022-05-04,234621.948874712,234621.948874712,0
2022-05-05,234621.948874712,234621.948874712,0
2022-05-06,234621.948874712,234621.948874712,0
2022-05-09,234621.948874712,234621.948874712,0
2022-05-10,234621.948874712,234621.948874712,0
2022-05-11,234621.948874712,234621.948874712,0
2022-05-12,234621.948874712,234621.948874712,0
2022-05-13,234621.948874712,234621.948874712,0
2022-05-16,234621.948874712,234621.948874712,0
2022-05-17,234621.948874712,234621.948874712,0
2022-05-18,234621.948874712,234621.948874712,0
2022-05-19,234621.948874712,234621.948874712,0
2022-05-20,234621.948874712,234621.948874712,0
2022-05-23,238413.49813771248,8819.44887471199,1
2022-05-24,228970.85771870613,8819.44887471199,1
2022-05-25,228970.85771870613,228970.85771870613,0
2022-05-26,243476.6540901661,8649.154090166092,1
2022-05-27,251823.43917012215,8649.154090166092,1
2022-05-31,250872.2355415821,8649.154090166092,1
2022-06-01,249350.31699299812,8649.154090166092,1
2022-06-02,266876.16538167,8649.154090166092,1
2022-06-03,261430.56134724617,8649.154090166092,1
2022-06-06,259884.85771870613,8649.154090166092,1
2022-06-07,259004.99118733406,8649.154090166092,1
2022-06-08,250967.35771870613,8649.154090166092,1
2022-06-09,243195.78156971931,9427.519210100174,1
2022-06-10,229284.7436439991,9427.519210100174,1
2022-06-13,229284.7436439991,229284.7436439991,0
2022-06-14,229284.7436439991,229284.7436439991,0
2022-06-15,229284.7436439991,229284.7436439991,0
2022-06-16,229284.7436439991,229284.7436439991,0
2022-06-17,229284.7436439991,229284.7436439991,0
2022-06-21,229284.7436439991,229284.7436439991,0
2022-06-22,236885.84847664833,8599.472677469254,1
2022-06-23,248287.4936439991,8599.472677469254,1
2022-06-24,266783.49204564095,8599.472677469254,1
2022-06-27,252341.40977787971,8599.472677469254,1
2022-06-28,244486.95330929756,8599.472677469254,1
2022-06-29,242459.9710791111,8599.472677469254,1
2022-06-30,238406.05494523048,8599.472677469254,1
2022-07-01,243473.4742758274,8599.472677469254,1
2022-07-05,263743.0549452305,8599.472677469254,1
2022-07-06,256936.907446146,9898.502638101578,1
2022-07-07,266515.9503309727,9898.502638101578,1
2022-07-08,266263.86456131935,9898.502638101578,1
2022-07-11,250886.99321579933,9898.502638101578,1
2022-07-12,249122.41686844826,9898.502638101578,1
2022-07-13,243828.73590683937,9898.502638101578,1
2022-07-14,234249.6930220127,9898.502638101578,1
2022-07-15,235908.3398115635,8805.274107217789,1
2022-07-18,236362.41576981544,8805.274107217789,1
2022-07-19,241076.65295243263,8805.274107217789,1
2022-07-20,242940.2741072178,8805.274107217789,1
2022-07-21,265839.7792341709,8805.274107217789,1
2022-07-22,266347.4805281162,8805.274107217789,1
2022-07-25,262743.19396805763,8805.274107217789,1
2022-07-26,253686.8202497959,8805.274107217789,1
2022-07-27,268785.0010359287,8805.274107217789,1
2022-07-28,274536.668333292,8805.274107217789,1
2022-07-29,277166.6804449558,10298.167623758316,1
2022-08-01,281251.33012223244,10298.167623758316,1
2022-08-02,282500.2392523289,10298.167623758316,1
2022-08-03,287892.569593668,10298.167623758316,1
2022-08-04,292623.6780779362,10298.167623758316,1
2022-08-05,289303.1425421238,10298.167623758316,1
2022-08-08,271730.2574198246,10298.167623758316,1
2022-08-09,261342.37475800514,10298.167623758316,1
2022-08-10,261342.37475800514,261342.37475800514,0
2022-08-11,258981.10398316383,9854.417009592056,1
2022-08-12,265861.7916586399,9854.417009592056,1
2022-08-15,266318.8124334812,9854.417009592056,1
2022-08-16,264262.20926117897,9854.417009592056,1
2022-08-17,259361.93848633766,9854.417009592056,1
2022-08-18,264871.5832083225,9854.417009592056,1
2022-08-19,253471.45926117897,9854.417009592056,1
2022-08-22,245575.16771149635,9854.417009592056,1
2022-08-23,245575.16771149635,245575.16771149635,0
2022-08-24,245575.16771149635,245575.16771149635,0
2022-08-25,245575.16771149635,245575.16771149635,0
2022-08-26,245575.16771149635,245575.16771149635,0
2022-08-29,242893.77672028542,9341.37071442604,1
2022-08-30,237055.38072419167,9341.37071442604,1
2022-08-31,237055.38072419167,237055.38072419167,0
2022-09-01,237055.38072419167,237055.38072419167,0
2022-09-02,237055.38072419167,237055.38072419167,0
2022-09-06,237055.38072419167,237055.38072419167,0
2022-09-07,237055.38072419167,237055.38072419167,0
2022-09-08,237055.38072419167,237055.38072419167,0
2022-09-09,237055.38072419167,237055.38072419167,0
2022-09-12,237055.38072419167,237055.38072419167,0
2022-09-13,237055.38072419167,237055.38072419167,0
2022-09-14,237055.38072419167,237055.38072419167,0
2022-09-15,237055.38072419167,237055.38072419167,0
2022-09-16,237055.38072419167,237055.38072419167,0
2022-09-19,237055.38072419167,237055.38072419167,0
2022-09-20,236804.46342682838,8961.715318918228,1
2022-09-21,230952.10631012917,8961.715318918228,1
2022-09-22,221941.1326162815,8961.715318918228,1
2022-09-23,212155.24540925026,8961.715318918228,1
2022-09-26,212155.24540925026,212155.24540925026,0
2022-09-27,212155.24540925026,212155.24540925026,0
2022-09-28,212155.24540925026,212155.24540925026,0
2022-09-29,212155.24540925026,212155.24540925026,0
2022-09-30,212155.24540925026,212155.24540925026,0
2022-10-03,212155.24540925026,212155.24540925026,0
2022-10-04,212155.24540925026,212155.24540925026,0
2022-10-05,211189.76633000374,7956.22448849678,1
2022-10-06,212396.62093377113,7956.22448849678,1
2022-10-07,204672.765280962,7956.22448849678,1
2022-10-10,202500.45461678505,7956.22448849678,1
2022-10-11,202017.7035677433,7956.22448849678,1
2022-10-12,202741.80712246895,7956.22448849678,1
2022-10-13,202983.18264698982,7956.22448849678,1
2022-10-14,189707.83955264091,7956.22448849678,1
2022-10-17,189707.83955264091,189707.83955264091,0
2022-10-18,189707.83955264091,189707.83955264091,0
2022-10-19,184113.83955264091,7119.6829669475555,1
2022-10-20,187022.7221133709,7119.6829669475555,1
2022-10-21,192616.7221133709,7119.6829669475555,1
2022-10-24,192169.21320986748,7119.6829669475555,1
2022-10-25,200895.83955264091,7119.6829669475555,1
2022-10-26,198881.99613833427,7119.6829669475555,1
2022-10-27,199553.29150271416,7119.6829669475555,1
2022-10-28,200448.3306491375,7119.6829669475555,1
2022-10-31,203804.7221133709,7119.6829669475555,1
2022-11-01,200672.07443118095,7119.6829669475555,1
2022-11-02,196051.55286860466,7537.157103300095,1
2022-11-03,198932.2454688549,7537.157103300095,1
2022-11-04,209414.00248026848,7537.157103300095,1
2022-11-07,211481.8135688305,7537.157103300095,1
2022-11-08,215774.31215548515,7537.157103300095,1
2022-11-09,203994.8559463024,7537.157103300095,1
2022-11-10,232145.79046320915,7537.157103300095,1
2022-11-11,240374.34689593315,7537.157103300095,1
2022-11-14,239918.00144076347,7537.157103300095,1
2022-11-15,245208.77102923393,7537.157103300095,1
2022-11-16,234503.08137202263,9201.757284879684,1
2022-11-17,231203.5583732128,9201.757284879684,1
2022-11-18,227408.41599154472,9201.757284879684,1
2022-11-21,226105.6083419323,9201.757284879684,1
2022-11-22,234483.9810912609,8508.23109126091,1
2022-11-23,237937.43567347527,8508.23109126091,1
2022-11-25,234153.64925837517,8508.23109126091,1
2022-11-28,228297.80842280388,8508.23109126091,1
2022-11-29,228898.39925837517,8508.23109126091,1
2022-11-30,241631.11284327507,8508.23109126091,1
2022-12-01,241180.6811721325,8508.23109126091,1
2022-12-02,233673.1811721325,8508.23109126091,1
2022-12-05,229589.09933924675,8508.23109126091,1
2022-12-06,221301.07746958733,8619.231854200363,1
2022-12-07,221301.07746958733,221301.07746958733,0
2022-12-08,235162.00558924675,8299.254582166672,1
2022-12-09,232942.0906302929,8299.254582166672,1
2022-12-12,239998.14528346062,8299.254582166672,1
2022-12-13,247093.83091425896,8299.254582166672,1
2022-12-14,241834.7673881054,8299.254582166672,1
2022-12-15,232294.65012049675,8299.254582166672,1
2022-12-16,227260.27985835075,8299.254582166672,1
2022-12-19,223071.60590052605,8299.254582166672,1
2022-12-20,220838.57311320305,8299.254582166672,1
2022-12-21,220838.57311320305,220838.57311320305,0
2022-12-22,220838.57311320305,220838.57311320305,0
2022-12-23,220838.57311320305,220838.57311320305,0
2022-12-27,220838.57311320305,220838.57311320305,0
2022-12-28,220838.57311320305,220838.57311320305,0
2022-12-29,220838.57311320305,220838.57311320305,0
2022-12-30,220838.57311320305,220838.57311320305,0
2023-01-03,220838.57311320305,220838.57311320305,0
2023-01-04,220838.57311320305,220838.57311320305,0
2023-01-05,220838.57311320305,220838.57311320305,0
2023-01-06,220838.57311320305,220838.57311320305,0
2023-01-09,220838.57311320305,220838.57311320305,0
2023-01-10,220838.57311320305,220838.57311320305,0
2023-01-11,220838.57311320305,220838.57311320305,0
2023-01-12,220838.57311320305,220838.57311320305,0
2023-01-13,220838.57311320305,220838.57311320305,0
2023-01-17,238526.89246439934,8323.615059614182,1
2023-01-18,221816.53116679192,8323.615059614182,1
2023-01-19,218457.44727396965,8323.615059614182,1
2023-01-20,242863.93441081047,8323.615059614182,1
2023-01-23,246265.53116679192,8323.615059614182,1
2023-01-24,236060.74089884758,8323.615059614182,1
2023-01-25,232659.12792277336,8323.615059614182,1
2023-01-26,233764.6570060253,8323.615059614182,1
2023-01-27,269268.8505179882,8323.615059614182,1
2023-01-30,253959.5766837597,10104.530941724777,1
2023-01-31,258731.831959486,10104.530941724777,1
2023-02-01,276624.5518271923,10104.530941724777,1
2023-02-02,286372.5883529186,10104.530941724777,1
2023-02-03,278622.5418021679,10104.530941724777,1
2023-02-06,278482.525067091,10104.530941724777,1
2023-02-07,292277.44125819206,10104.530941724777,1
2023-02-08,292684.63898158073,10104.530941724777,1
2023-02-09,294364.54825282097,10104.530941724777,1
2023-02-10,280722.2826163769,10104.530941724777,1
2023-02-13,287367.47448801994,10529.429280042648,1
2023-02-14,302398.6849372387,10529.429280042648,1
2023-02-15,299768.5239036083,10529.429280042648,1
2023-02-16,290086.61261820793,10529.429280042648,1
2023-02-17,282285.13087153435,10529.429280042648,1
2023-02-21,272971.62066721916,10529.429280042648,1
2023-02-22,274229.5016219616,10529.429280042648,1
2023-02-23,311203.92439341545,10529.429280042648,1
2023-02-24,306401.0775344372,10529.429280042648,1
2023-02-27,309123.8082931042,11506.517597913742,1
2023-02-28,305514.6317946911,11506.517597913742,1
2023-03-01,298954.609341383,11506.517597913742,1
2023-03-02,306755.64132380486,11506.517597913742,1
2023-03-03,314050.15360713005,11506.517597913742,1
2023-03-06,309795.0254714489,11506.517597913742,1
2023-03-07,306476.5114943981,11506.517597913742,1
2023-03-08,317787.3502395153,11506.517597913742,1
2023-03-09,308351.1179320812,11506.517597913742,1
2023-03-10,302385.3071563244,11506.517597913742,1
2023-03-13,300062.12112116814,11386.913601636887,1
2023-03-14,319210.9028594494,11386.913601636887,1
2023-03-15,327060.51467585564,11386.913601636887,1
2023-03-16,351418.90823054314,11386.913601636887,1
2023-03-17,355783.7007110119,11386.913601636887,1
2023-03-20,352158.1050078869,11386.913601636887,1
2023-03-21,349060.51467585564,11386.913601636887,1
2023-03-22,354868.5200469494,11386.913601636887,1
2023-03-23,364372.5093047619,11386.913601636887,1
2023-03-24,356170.9028594494,11386.913601636887,1
2023-03-27,352996.2531592846,13370.92242693901,1
2023-03-28,351447.3157622814,13370.92242693901,1
2023-03-29,358795.0799033642,13370.92242693901,1
2023-03-30,363902.7614467144,13370.92242693901,1
2023-03-31,368946.349871397,13370.92242693901,1
2023-04-03,371352.98172450066,13370.92242693901,1
2023-04-04,364798.81892085075,13370.92242693901,1
2023-04-05,357476.589400053,13370.92242693901,1
2023-04-06,359473.56775164604,13370.92242693901,1
2023-04-10,366411.7516963482,13370.92242693901,1
2023-04-11,361169.05984187126,13756.729281187057,1
2023-04-12,352550.5724608898,13756.729281187057,1
2023-04-13,352141.3666331768,13756.729281187057,1
2023-04-14,361227.076223135,13205.629647016525,1
2023-04-17,360832.03718161583,13205.629647016525,1
2023-04-18,358066.8015639782,13205.629647016525,1
2023-04-19,348586.09060549736,13205.629647016525,1
2023-04-20,335155.0645778179,13205.629647016525,1
2023-04-21,336340.1817023754,13205.629647016525,1
2023-04-24,336340.1817023754,336340.1817023754,0
2023-04-25,336340.1817023754,336340.1817023754,0
2023-04-26,336340.1817023754,336340.1817023754,0
2023-04-27,339582.5486495495,12633.982769727707,1
2023-04-28,345863.0887725353,12633.982769727707,1
2023-05-01,359805.15890955925,12633.982769727707,1
2023-05-02,351399.0826575756,12633.982769727707,1
2023-05-03,346499.57827067375,12633.982769727707,1
2023-05-04,343617.48450541496,12633.982769727707,1
2023-05-05,357043.2020499706,12633.982769727707,1
2023-05-08,362699.26407313347,12633.982769727707,1
2023-05-09,355734.21178126335,12633.982769727707,1
2023-05-10,359504.965641737,12633.982769727707,1
2023-05-11,355827.4715850353,13499.861408948898,1
2023-05-12,352976.5808227062,13499.861408948898,1
2023-05-15,360319.5189254284,13499.861408948898,1
2023-05-16,363434.0008132458,13499.861408948898,1
2023-05-17,374993.4137160778,13499.861408948898,1
2023-05-18,392961.488751173,13499.861408948898,1
2023-05-19,388002.30342555046,13499.861408948898,1
2023-05-22,386948.19044184685,13499.861408948898,1
2023-05-23,381102.56334376335,13499.861408948898,1
2023-05-24,379305.76269984245,13499.861408948898,1
2023-05-25,468272.8605391979,14232.205555677414,1
2023-05-26,479821.1345412731,14232.205555677414,1
2023-05-30,493635.4716498852,18007.040570020676,1
2023-05-31,466635.2671325207,18007.040570020676,1
2023-06-01,489591.9529197216,18007.040570020676,1
2023-06-02,484338.98198390007,18007.040570020676,1
2023-06-05,482489.1090590954,18007.040570020676,1
2023-06-06,476358.6888549328,18007.040570020676,1
2023-06-07,462424.2077872753,18007.040570020676,1
2023-06-08,474698.35728526115,18007.040570020676,1
2023-06-09,477781.6749923229,18007.040570020676,1
2023-06-12,487995.5199172497,18065.286473035812,1
2023-06-13,504698.78040003777,18065.286473035812,1
2023-06-14,501087.29254603386,18065.286473035812,1
2023-06-15,499413.1749923229,18065.286473035812,1
2023-06-16,508141.04254603386,18065.286473035812,1
2023-06-20,534305.7594344616,18065.286473035812,1
2023-06-21,506109.53040003777,18065.286473035812,1
2023-06-22,515796.6689193249,18065.286473035812,1
2023-06-23,500729.8979537487,18065.286473035812,1
2023-06-26,482724.79283976555,18815.854622602463,1
2023-06-27,496927.9858367443,18815.854622602463,1
2023-06-28,488262.1766822338,18815.854622602463,1
2023-06-29,484894.04533076286,18815.854622602463,1
2023-06-30,501791.6649596691,18815.854622602463,1
2023-07-03,503059.01258158684,18815.854622602463,1
2023-07-05,501963.0329864025,18815.854622602463,1
2023-07-06,499519.68753504753,18815.854622602463,1
2023-07-07,503336.4244430065,18736.096928358078,1
2023-07-10,518664.85129237175,18736.096928358078,1
2023-07-11,567543.5063216686,18736.096928358078,1
2023-07-12,547844.278141737,18736.096928358078,1
2023-07-13,677428.0969283581,18736.096928358078,1
2023-07-14,670223.840981245,25406.474217176437,1
2023-07-17,684291.9018294811,25406.474217176437,1
2023-07-18,698941.3657996655,25406.474217176437,1
2023-07-19,693027.6732070446,25406.474217176437,1
2023-07-20,670947.0761497021,25406.474217176437,1
2023-07-21,653773.2724235058,25406.474217176437,1
2023-07-24,658070.3503577709,25406.474217176437,1
2023-07-25,673201.9350173473,25406.474217176437,1
2023-07-26,669982.6723678112,25406.474217176437,1
2023-07-27,676336.0984389782,25406.474217176437,1
2023-07-28,688390.3607642651,25406.474217176437,1
2023-07-31,688092.5134665966,25406.474217176437,1
2023-08-01,684944.2209746838,25406.474217176437,1
2023-08-02,653206.1607749462,25406.474217176437,1
2023-08-03,644589.2331893444,24502.443531751633,1
2023-08-04,627686.868817091,24502.443531751633,1
2023-08-07,620727.0159461498,24502.443531751633,1
2023-08-08,589242.1538741589,24502.443531751633,1
2023-08-09,589242.1538741589,589242.1538741589,0
2023-08-10,589242.1538741589,589242.1538741589,0
2023-08-11,589242.1538741589,589242.1538741589,0
2023-08-14,589242.1538741589,589242.1538741589,0
2023-08-15,589242.1538741589,589242.1538741589,0
2023-08-16,589242.1538741589,589242.1538741589,0
2023-08-17,589242.1538741589,589242.1538741589,0
2023-08-18,589242.1538741589,589242.1538741589,0
2023-08-21,589242.1538741589,589242.1538741589,0
2023-08-22,589242.1538741589,589242.1538741589,0
2023-08-23,589242.1538741589,589242.1538741589,0
2023-08-24,589242.1538741589,589242.1538741589,0
2023-08-25,589242.1538741589,589242.1538741589,0
2023-08-28,589242.1538741589,589242.1538741589,0
2023-08-29,589242.1538741589,589242.1538741589,0
2023-08-30,594822.2165572643,22118.848423719406,1
2023-08-31,595880.1049201488,22118.848423719406,1
2023-09-01,586045.2355659008,22118.848423719406,1
2023-09-05,586498.5845954418,22118.848423719406,1
2023-09-06,569256.9879043102,22118.848423719406,1
2023-09-07,559723.567253828,22118.848423719406,1
2023-09-08,551945.6759307384,22118.848423719406,1
2023-09-11,547364.9247977734,22118.848423719406,1
2023-09-12,535622.4717948437,20723.450646162033,1
2023-09-13,542975.9271476269,20723.450646162033,1
2023-09-14,552100.4670951366,20723.450646162033,1
2023-09-15,548924.2288444042,20723.450646162033,1
2023-09-18,531387.4482963085,20723.450646162033,1
2023-09-19,533735.950646162,20723.450646162033,1
2023-09-20,526209.1935966015,20723.450646162033,1
2023-09-21,512945.94477152824,20723.450646162033,1
2023-09-22,492117.4600455761,20723.450646162033,1
2023-09-25,492117.4600455761,492117.4600455761,0
2023-09-26,492117.4600455761,492117.4600455761,0
2023-09-27,492117.4600455761,492117.4600455761,0
2023-09-28,492117.4600455761,492117.4600455761,0
2023-09-29,492117.4600455761,492117.4600455761,0
2023-10-02,492117.4600455761,492117.4600455761,0
2023-10-03,492117.4600455761,492117.4600455761,0
2023-10-04,492117.4600455761,492117.4600455761,0
2023-10-05,492117.4600455761,492117.4600455761,0
2023-10-06,492117.4600455761,492117.4600455761,0
2023-10-09,492117.4600455761,492117.4600455761,0
2023-10-10,497227.85310816765,18461.27362895012,1
2023-10-11,500455.51568102837,18461.27362895012,1
2023-10-12,500993.46799349785,18461.27362895012,1
2023-10-13,485393.2100455761,18461.27362895012,1
2023-10-16,485393.2100455761,18461.27362895012,1
2023-10-17,498303.7577331066,18461.27362895012,1
2023-10-18,481089.6941497326,18461.27362895012,1
2023-10-19,477324.0792644024,18461.27362895012,1
2023-10-20,451771.9600455761,18461.27362895012,1
2023-10-23,454201.15416407585,16946.933571577072,1
2023-10-24,466077.15709757805,16946.933571577072,1
2023-10-25,437736.6276900768,16946.933571577072,1
2023-10-26,429639.32254195213,16946.933571577072,1
2023-10-27,429639.32254195213,429639.32254195213,0
2023-10-30,429639.32254195213,429639.32254195213,0
2023-10-31,429639.32254195213,429639.32254195213,0
2023-11-01,433339.07472395897,16121.867814779282,1
2023-11-02,469747.0596330166,16121.867814779282,1
2023-11-03,476181.4841783047,16121.867814779282,1
2023-11-06,479237.82254195213,16121.867814779282,1
2023-11-07,493715.20617842674,16121.867814779282,1
2023-11-08,489693.70617842674,16121.867814779282,1
2023-11-09,514037.19108748436,16121.867814779282,1
2023-11-10,514358.89799666405,16121.867814779282,1
2023-11-13,512857.5445420742,16121.867814779282,1
2023-11-14,509908.4281785488,16121.867814779282,1
2023-11-15,502318.18761229515,19149.52579665184,1
2023-11-16,508169.07113814354,19149.52579665184,1
2023-11-17,506370.3372437954,19149.52579665184,1
2023-11-20,517350.4906747341,19149.52579665184,1
2023-11-21,512754.82026076317,19149.52579665184,1
2023-11-22,500618.25167250633,19149.52579665184,1
2023-11-24,491328.1128900051,19149.52579665184,1
2023-11-27,495933.6668717861,19149.52579665184,1
2023-11-28,491772.8357179165,19149.52579665184,1
2023-11-29,486824.3922059536,18563.873376607895,1
2023-11-30,479037.3168885708,18563.873376607895,1
2023-12-01,476639.8168885708,18563.873376607895,1
2023-12-04,470406.3168885708,18563.873376607895,1
2023-12-05,476428.8357179165,18563.873376607895,1
2023-12-06,477675.5240113735,18563.873376607895,1
2023-12-07,483947.3922059536,18563.873376607895,1
2023-12-08,486248.9863526821,18563.873376607895,1
2023-12-11,478385.20391249657,18563.873376607895,1
2023-12-12,473149.0428407192,18563.873376607895,1
2023-12-13,475068.2688996792,17797.550821065903,1
2023-12-14,474439.5508210659,17797.550821065903,1
2023-12-15,478244.8806245327,17797.550821065903,1
2023-12-18,477417.6306245327,17797.550821065903,1
2023-12-19,481553.8806245327,17797.550821065903,1
2023-12-20,466067.78486037254,17797.550821065903,1
2023-12-21,480759.7529389858,17797.550821065903,1
2023-12-22,479733.9710175991,17797.550821065903,1
2023-12-26,492341.2529389858,17797.550821065903,1
2023-12-27,493668.33171629906,18465.64068388939,1
2023-12-28,494678.0184953213,18465.64068388939,1
2023-12-29,494678.0184953213,18465.64068388939,1
2024-01-02,481657.7164285183,18465.64068388939,1
2024-01-03,475897.6095178127,18465.64068388939,1
2024-01-04,480023.0081727505,18465.64068388939,1
2024-01-05,490591.11940169334,18465.64068388939,1
2024-01-08,520939.7473733425,18465.64068388939,1
2024-01-09,529469.3637177944,18465.64068388939,1
2024-01-10,541072.3124177456,19899.70164656639,1
2024-01-11,545598.3393037319,19899.70164656639,1
2024-01-12,544524.3649613857,19899.70164656639,1
2024-01-16,560557.5264451504,19899.70164656639,1
2024-01-17,557402.7245271206,19899.70164656639,1
2024-01-18,567509.6849763393,19899.70164656639,1
2024-01-19,590370.3515031338,19899.70164656639,1
2024-01-22,591933.3510682583,19899.70164656639,1
2024-01-23,594033.4293000698,19899.70164656639,1
2024-01-24,608252.1767976284,22293.421586751938,1
2024-01-25,610687.1814057827,22293.421586751938,1
2024-01-26,605091.3941590786,22293.421586751938,1
2024-01-29,618784.9238603115,22293.421586751938,1
2024-01-30,621735.6339585781,22293.421586751938,1
2024-01-31,609827.7572953701,22293.421586751938,1
2024-02-01,624151.6139543056,22293.421586751938,1
2024-02-02,654069.311265707,22293.421586751938,1
2024-02-05,684359.4098985195,22293.421586751938,1
2024-02-06,673769.3338792324,22293.421586751938,1
2024-02-07,691601.0192124844,25293.72932600975,1
2024-02-08,687247.6866929531,25293.72932600975,1
2024-02-09,710934.8944871426,25293.72932600975,1
2024-02-12,712027.8711717129,25293.72932600975,1
2024-02-13,710887.3706071377,25293.72932600975,1
2024-02-14,727730.6317918301,25293.72932600975,1
2024-02-15,715924.9744431973,25293.72932600975,1
2024-02-16,715497.1869676113,25293.72932600975,1
2024-02-20,685451.2840287685,25293.72932600975,1
2024-02-21,644003.9463517666,25871.472413778305,1
2024-02-22,676354.9463517666,25871.472413778305,1
2024-02-23,657591.336152792,25871.472413778305,1
2024-02-26,764007.1217057705,25871.472413778305,1
2024-02-27,784102.7970597744,25871.472413778305,1
2024-02-28,790116.2840287685,25871.472413778305,1
2024-02-29,800620.8231217861,25871.472413778305,1
2024-03-01,809032.1086747646,25871.472413778305,1
2024-03-04,898016.3491837978,25871.472413778305,1
2024-03-05,905429.0444581509,33720.35289931297,1
2024-03-06,933173.0714433193,33720.35289931297,1
2024-03-07,973420.1731507778,33720.35289931297,1
2024-03-08,921288.5791795254,33720.35289931297,1
2024-03-11,903502.3984925747,33720.35289931297,1
2024-03-12,965754.2243974209,33720.35289931297,1
2024-03-13,955360.150529623,33720.35289931297,1
2024-03-14,925506.8904893398,33720.35289931297,1
2024-03-15,924421.894380331,33720.35289931297,1
2024-03-18,930688.6795823574,33720.35289931297,1
2024-03-19,930688.6795823574,930688.6795823574,0
2024-03-20,940447.6101243496,34970.18861556053,1
2024-03-21,951098.1866014004,34970.18861556053,1
2024-03-22,979693.7206590176,34970.18861556053,1
2024-03-25,986837.5949265957,34970.18861556053,1
2024-03-26,962380.1576097012,34970.18861556053,1
2024-03-27,939225.2009446621,34970.18861556053,1
2024-03-28,940287.2377488613,34970.18861556053,1
2024-04-01,940357.3672044277,34970.18861556053,1
2024-04-02,931229.678239584,34970.18861556053,1
2024-04-03,952151.998262167,35142.89158797264,1
2024-04-04,944971.3438127041,35142.89158797264,1
2024-04-05,913223.3693406582,35142.89158797264,1
2024-04-08,971871.4059922695,35142.89158797264,1
2024-04-09,920695.6304643154,35142.89158797264,1
2024-04-10,950001.4616105556,35142.89158797264,1
2024-04-11,993814.3771836758,35142.89158797264,1
2024-04-12,930901.6415879726,35142.89158797264,1
2024-04-15,849472.3549363613,35142.89158797264,1
2024-04-16,849472.3549363613,849472.3549363613,0
2024-04-17,849472.3549363613,849472.3549363613,0
2024-04-18,849472.3549363613,849472.3549363613,0
2024-04-19,849472.3549363613,849472.3549363613,0
2024-04-22,849472.3549363613,849472.3549363613,0
2024-04-23,849472.3549363613,849472.3549363613,0
2024-04-24,849472.3549363613,849472.3549363613,0
2024-04-25,849472.3549363613,849472.3549363613,0
2024-04-26,849472.3549363613,849472.3549363613,0
2024-04-29,849472.3549363613,849472.3549363613,0
2024-04-30,849472.3549363613,849472.3549363613,0
2024-05-01,849472.3549363613,849472.3549363613,0
2024-05-02,849472.3549363613,849472.3549363613,0
2024-05-03,849472.3549363613,849472.3549363613,0
2024-05-06,865580.1591355801,31943.063920736313,1
2024-05-07,834221.7729051113,31943.063920736313,1
2024-05-08,820279.7094285488,31943.063920736313,1
2024-05-09,807871.7094285488,31943.063920736313,1
2024-05-10,792079.7094285488,31943.063920736313,1
2024-05-13,807510.7411668301,31943.063920736313,1
2024-05-14,833048.6776902676,31943.063920736313,1
2024-05-15,816985.9687058926,31943.063920736313,1
2024-05-16,820821.1273972988,31943.063920736313,1
2024-05-17,832642.6142137051,31943.063920736313,1
2024-05-20,832642.6142137051,832642.6142137051,0
2024-05-21,837766.4040925503,31262.787103414536,1
2024-05-22,834079.9188172817,31262.787103414536,1
2024-05-23,908899.7841432095,31262.787103414536,1
2024-05-24,931474.9727265835,31262.787103414536,1
2024-05-28,994313.6641023159,31262.787103414536,1
2024-05-29,1002126.1964890957,31262.787103414536,1
2024-05-30,965557.6978623867,31262.787103414536,1
2024-05-31,958227.0636155605,31262.787103414536,1
2024-06-03,1003605.9019334316,31262.787103414536,1
2024-06-04,1015675.5338532925,37699.86174941063,1
2024-06-05,1066095.777696371,37699.86174941063,1
2024-06-06,1053984.153856039,37699.86174941063,1
2024-06-07,1053060.2674958706,37699.86174941063,1
2024-06-10,1060636.3151566982,37699.86174941063,1
2024-06-11,1053328.438798666,37699.86174941063,1
2024-06-12,1089363.9175431728,37699.86174941063,1
2024-06-13,1126407.394708395,37699.86174941063,1
2024-06-14,1145475.1885316372,37699.86174941063,1
2024-06-17,1137915.2324311733,37699.86174941063,1
2024-06-18,1176379.8601930141,42675.24959731102,1
2024-06-20,1136242.89615798,42675.24959731102,1
2024-06-21,1101039.2092530727,42675.24959731102,1
2024-06-24,1030297.6107041836,42675.24959731102,1
2024-06-25,1097296.732057333,38661.00449538231,1
2024-06-26,1099899.5044419765,38661.00449538231,1
2024-06-27,1079665.380960226,38661.00449538231,1
2024-06-28,1075887.2663362026,38661.00449538231,1
2024-07-01,1082268.2174241543,38661.00449538231,1
2024-07-02,1068582.8045976162,38661.00449538231,1
2024-07-03,1115683.7060792446,38661.00449538231,1
2024-07-05,1095113.8712251186,38661.00449538231,1
2024-07-08,1115012.027017355,38661.00449538231,1
2024-07-09,1154844.3397004604,42040.53666090965,1
2024-07-10,1158789.498086691,42040.53666090965,1
2024-07-11,1064489.791482687,42040.53666090965,1
2024-07-12,1095032.1785371304,42040.53666090965,1
2024-07-15,1113739.4140717983,42040.53666090965,1
2024-07-16,1130368.0463044643,42040.53666090965,1
2024-07-17,1096177.5366609097,42040.53666090965,1
2024-07-18,1099274.1785371304,42040.53666090965,1
2024-07-19,1056726.923715353,42040.53666090965,1
2024-07-22,1108945.9333589077,42040.53666090965,1
2024-07-23,1087179.3873841763,41789.02666640282,1
2024-07-24,958234.6199738979,41789.02666640282,1
2024-07-25,959274.7376496792,35959.406747579575,1
2024-07-26,978344.3773286343,35959.406747579575,1
2024-07-29,974877.1641023159,35959.406747579575,1
2024-07-30,950260.07584548,35959.406747579575,1
2024-07-31,950260.07584548,950260.07584548,0
2024-08-01,890317.4393861294,35672.17698073387,1
2024-08-02,890317.4393861294,890317.4393861294,0
2024-08-05,890317.4393861294,890317.4393861294,0
2024-08-06,890317.4393861294,890317.4393861294,0
2024-08-07,890317.4393861294,890317.4393861294,0
2024-08-08,890317.4393861294,890317.4393861294,0
2024-08-09,890317.4393861294,890317.4393861294,0
2024-08-12,890317.4393861294,890317.4393861294,0
2024-08-13,890317.4393861294,890317.4393861294,0
2024-08-14,890317.4393861294,890317.4393861294,0
2024-08-15,896398.6604058743,33415.43938612938,1
2024-08-16,920170.850000143,33415.43938612938,1
2024-08-19,931780.4393861294,33415.43938612938,1
2024-08-20,926804.8709504604,33415.43938612938,1
2024-08-21,932886.1446931362,33415.43938612938,1
2024-08-22,915748.0814950466,33415.43938612938,1
2024-08-23,911878.2183663845,33415.43938612938,1
2024-08-26,886171.1499307156,33415.43938612938,1
2024-08-27,885894.7236039639,33415.43938612938,1
2024-08-28,872626.5762574673,33415.43938612938,1
2024-08-29,872626.5762574673,872626.5762574673,0
2024-08-30,872626.5762574673,872626.5762574673,0
2024-09-03,872626.5762574673,872626.5762574673,0
2024-09-04,874828.8141572475,32747.28995680809,1
2024-09-05,862991.7657563686,32747.28995680809,1
2024-09-06,862991.7657563686,862991.7657563686,0
2024-09-09,862991.7657563686,862991.7657563686,0
2024-09-10,866832.7220933437,32384.20238661766,1
2024-09-11,868993.2657563686,32384.20238661766,1
2024-09-12,870433.6587235928,32384.20238661766,1
2024-09-13,886757.7460496426,32384.20238661766,1
2024-09-16,904042.0953538418,32384.20238661766,1
2024-09-17,907402.9207017422,32384.20238661766,1
2024-09-18,905722.508027792,32384.20238661766,1
2024-09-19,916525.2263429165,32384.20238661766,1
2024-09-20,925407.4207017422,32384.20238661766,1
2024-09-23,943411.9207017422,32384.20238661766,1
2024-09-24,958920.5762193203,35411.92070174217,1
2024-09-25,968908.5207993984,35411.92070174217,1
2024-09-26,958738.9651353359,35411.92070174217,1
2024-09-27,981402.6096665859,35411.92070174217,1
2024-09-30,985652.0984361172,35411.92070174217,1
2024-10-01,972540.5207993984,35411.92070174217,1
2024-10-02,939852.5762193203,35411.92070174217,1
2024-10-03,909489.0540025234,35411.92070174217,1
2024-10-04,943702.4873521328,35411.92070174217,1
2024-10-07,910106.4873521328,35411.92070174217,1
2024-10-08,945562.4689500332,34198.447343587875,1
2024-10-09,943916.4499680996,34198.447343587875,1
2024-10-10,958729.8880784512,34198.447343587875,1
2024-10-11,958661.4304368496,34198.447343587875,1
2024-10-14,981087.2745530605,34198.447343587875,1
2024-10-15,936715.7318894863,34198.447343587875,1
2024-10-16,964970.838395834,34198.447343587875,1
2024-10-17,973268.9722459316,34198.447343587875,1
2024-10-18,980607.0243089199,34198.447343587875,1
2024-10-21,1019766.4701097012,34198.447343587875,1
2024-10-22,1018946.9919297695,38364.84277510643,1
2024-10-23,991425.887727499,38364.84277510643,1
2024-10-24,997230.6116960049,38364.84277510643,1
2024-10-25,1004947.3819291592,38364.84277510643,1
2024-10-28,997981.9216325283,38364.84277510643,1
2024-10-29,1002966.9589555264,38364.84277510643,1
2024-10-30,989923.4763200283,38364.84277510643,1
2024-10-31,944988.4086778164,38364.84277510643,1
2024-11-01,963017.1371018887,38364.84277510643,1
2024-11-04,967455.9946153164,38364.84277510643,1
2024-11-05,967455.9946153164,967455.9946153164,0
2024-11-06,1047584.3529336452,36327.54516386986,1
2024-11-07,1053958.2446153164,36327.54516386986,1
2024-11-08,1099667.8240487576,36327.54516386986,1
2024-11-11,1133358.2157304287,36327.54516386986,1
2024-11-12,1126255.867376089,36327.54516386986,1
2024-11-13,1141735.2590577602,36327.54516386986,1
2024-11-14,1114054.530721426,36327.54516386986,1
2024-11-15,1234064.9540307522,36327.54516386986,1
2024-11-18,1300792.9733483791,46438.78951048851,1
2024-11-19,1327676.7895104885,46438.78951048851,1
2024-11-20,1312975.8749902248,46438.78951048851,1
2024-11-21,1304125.7637536526,46438.78951048851,1
2024-11-22,1351968.4604699612,46438.78951048851,1
2024-11-25,1300237.5459496975,46438.78951048851,1
2024-11-26,1298904.5201928616,46438.78951048851,1
2024-11-27,1279130.5137536526,46438.78951048851,1
2024-11-29,1324566.2830712795,46438.78951048851,1
2024-12-02,1311452.7866723537,49710.84827208519,1
2024-12-03,1398305.630872488,49710.84827208519,1
2024-12-04,1377210.0692727566,49710.84827208519,1
2024-12-05,1415600.2504708767,49710.84827208519,1
2024-12-06,1500552.4786736965,49710.84827208519,1
2024-12-09,1426813.130872488,49710.84827208519,1
2024-12-10,1396975.2866723537,49710.84827208519,1
2024-12-11,1427763.4388711452,49710.84827208519,1
2024-12-12,1440876.790273428,49710.84827208519,1
2024-12-13,1495421.1924722195,49710.84827208519,1
2024-12-16,1583801.3299844265,56298.38622832298,1
2024-12-17,1639356.4779031277,56298.38622832298,1
2024-12-18,1508287.2723367214,56298.38622832298,1
2024-12-19,1495223.2605264187,56298.38622832298,1
2024-12-20,1445375.3181741238,56298.38622832298,1
2024-12-23,1476847.806363821,56298.38622832298,1
2024-12-24,1581360.1022012234,56298.38622832298,1
2024-12-26,1554473.2723367214,56298.38622832298,1
2024-12-27,1480344.7383096218,56298.38622832298,1
2024-12-30,1446112.4108178616,55560.345319509506,1
2024-12-31,1418186.005834341,55560.345319509506,1
2025-01-02,1410258.619306326,55560.345319509506,1
2025-01-03,1494938.4643228054,55560.345319509506,1
2025-01-06,1423410.9523293972,55560.345319509506,1
2025-01-07,1316570.1368310452,55560.345319509506,1
2025-01-08,1316570.1368310452,1316570.1368310452,0
2025-01-10,1316570.1368310452,1316570.1368310452,0
2025-01-13,1316570.1368310452,1316570.1368310452,0
2025-01-14,1316570.1368310452,1316570.1368310452,0
2025-01-15,1316570.1368310452,1316570.1368310452,0
2025-01-16,1316570.1368310452,1316570.1368310452,0
2025-01-17,1316570.1368310452,1316570.1368310452,0
2025-01-21,1345277.273122549,49501.023809194565,1
2025-01-22,1402691.6861321926,49501.023809194565,1
2025-01-23,1404071.658681631,49501.023809194565,1
2025-01-24,1361746.9302423,49501.023809194565,1
2025-01-27,1139082.875730276,49501.023809194565,1
2025-01-28,1139082.875730276,1139082.875730276,0
2025-01-29,1174793.0472390652,42803.04723906517,1
2025-01-30,1214859.9997537136,42803.04723906517,1
2025-01-31,1176076.6950051785,42803.04723906517,1
2025-02-03,1149157.9614846706,42803.04723906517,1
2025-02-04,1133520.204221487,42803.04723906517,1
2025-02-05,1113097.704221487,42803.04723906517,1
2025-02-06,1094542.3282449245,42803.04723906517,1
2025-02-07,1090471.5153558254,41054.57980132103,1
2025-02-10,1145380.1442468166,41054.57980132103,1
2025-02-11,1107228.1458032131,41054.57980132103,1
2025-02-12,1152385.7040231228,41054.57980132103,1
2025-02-13,1157308.5844705105,41054.57980132103,1
2025-02-14,1169142.3344705105,41054.57980132103,1
2025-02-18,1220832.1458032131,41054.57980132103,1
2025-02-19,1101926.576688528,41054.57980132103,1
2025-02-20,1047112.6380212307,41054.57980132103,1
2025-02-21,1006259.5524499416,39380.83708739281,1
2025-02-24,976411.082662344,39380.83708739281,1
2025-02-25,950158.6798150539,39380.83708739281,1
2025-02-26,950158.6798150539,950158.6798150539,0
2025-02-27,950158.6798150539,950158.6798150539,0
2025-02-28,950158.6798150539,950158.6798150539,0
2025-03-03,950158.6798150539,950158.6798150539,0
2025-03-04,950158.6798150539,950158.6798150539,0
2025-03-05,950158.6798150539,950158.6798150539,0
2025-03-06,950158.6798150539,950158.6798150539,0
2025-03-07,950158.6798150539,950158.6798150539,0
2025-03-10,950158.6798150539,950158.6798150539,0
2025-03-11,950158.6798150539,950158.6798150539,0
2025-03-12,950158.6798150539,950158.6798150539,0
2025-03-13,950158.6798150539,950158.6798150539,0
2025-03-14,950158.6798150539,950158.6798150539,0
2025-03-17,950158.6798150539,950158.6798150539,0
2025-03-18,950158.6798150539,950158.6798150539,0
2025-03-19,950158.6798150539,950158.6798150539,0
2025-03-20,950158.6798150539,950158.6798150539,0
2025-03-21,950158.6798150539,950158.6798150539,0
2025-03-24,950158.6798150539,950158.6798150539,0
2025-03-25,950158.6798150539,950158.6798150539,0
2025-03-26,913360.4187066555,35697.04926085472,1
2025-03-27,885164.3114144802,35697.04926085472,1
2025-03-28,857844.3589837551,35697.04926085472,1
2025-03-31,857844.3589837551,857844.3589837551,0
2025-04-01,857844.3589837551,857844.3589837551,0
2025-04-02,857844.3589837551,857844.3589837551,0
2025-04-03,857844.3589837551,857844.3589837551,0
2025-04-04,857844.3589837551,857844.3589837551,0
2025-04-07,857844.3589837551,857844.3589837551,0
2025-04-08,857844.3589837551,857844.3589837551,0
2025-04-09,857844.3589837551,857844.3589837551,0
2025-04-10,857844.3589837551,857844.3589837551,0
2025-04-11,857844.3589837551,857844.3589837551,0
2025-04-14,857844.3589837551,857844.3589837551,0
2025-04-15,857844.3589837551,857844.3589837551,0
2025-04-16,857844.3589837551,857844.3589837551,0
2025-04-17,867372.7062661648,32261.817136526108,1
2025-04-21,840835.8443124294,32261.817136526108,1
2025-04-22,869242.7481133938,32261.817136526108,1
2025-04-23,930063.9144189358,32261.817136526108,1
2025-04-24,992042.7062661648,32261.817136526108,1
2025-04-25,1036567.7062661648,32261.817136526108,1
2025-04-28,1053220.0807244778,32261.817136526108,1
2025-04-29,1065954.233442068,32261.817136526108,1
2025-04-30,1031280.9405953884,40052.84773039818,1
2025-05-01,1025519.5691354275,40052.84773039818,1
2025-05-02,1049021.5477120876,40052.84773039818,1
2025-05-05,1024606.2620370388,40052.84773039818,1
2025-05-06,1007357.4191720486,40052.84773039818,1
2025-05-07,1010413.7120187283,40052.84773039818,1
2025-05-08,1040625.5334603786,40052.84773039818,1
2025-05-09,1087840.2620370388,40052.84773039818,1
2025-05-12,1158521.8048837185,40052.84773039818,1
2025-05-13,1213640.7834603786,40052.84773039818,1
2025-05-14,1262275.9527566433,45587.15170073509,1
2025-05-15,1257691.1409127712,45587.15170073509,1
2025-05-16,1262815.3908059597,45587.15170073509,1
2025-05-19,1264343.7071511745,45587.15170073509,1
2025-05-20,1253645.7671182156,45587.15170073509,1
2025-05-21,1230451.8516824245,45587.15170073509,1
2025-05-22,1239711.473172903,45587.15170073509,1
2025-05-23,1225867.0398385525,45587.15170073509,1
2025-05-27,1263714.2712991238,45587.15170073509,1
2025-05-28,1257521.0782296658,47483.912870168686,1
2025-05-29,1296835.4508492947,47483.912870168686,1
2025-05-30,1260393.3730447292,47483.912870168686,1
2025-06-02,1280589.0204598904,47483.912870168686,1
2025-06-03,1315056.2842843533,47483.912870168686,1
2025-06-04,1321339.4719979763,47483.912870168686,1
2025-06-05,1304016.1193978786,47483.912870168686,1
2025-06-06,1319544.2363717556,47483.912870168686,1
2025-06-09,1327712.3803994656,47483.912870168686,1
2025-06-10,1339650.3000772,47483.912870168686,1
2025-06-11,1329618.9138314724,50362.750760793686,1
2025-06-12,1349054.4940469265,50362.750760793686,1
2025-06-13,1321916.2983834743,50362.750760793686,1
2025-06-16,1346277.982587576,50362.750760793686,1
2025-06-17,1341172.7003304958,50362.750760793686,1
2025-06-18,1353353.5424325466,50362.750760793686,1
2025-06-20,1338754.5454080105,50362.750760793686,1
2025-06-23,1341620.5776650906,50362.750760793686,1
2025-06-24,1375028.235975027,50362.750760793686,1
2025-06-25,1432381.8084237576,51693.77558684349,1
2025-06-26,1438734.5388925076,51693.77558684349,1
2025-06-27,1463161.1753060818,51693.77558684349,1
2025-06-30,1465308.6079232693,51693.77558684349,1
2025-07-01,1423344.9237191677,51693.77558684349,1
2025-07-02,1458687.4483773708,51693.77558684349,1
2025-07-03,1477387.64332366,51693.77558684349,1
2025-07-07,1467545.4713876247,51693.77558684349,1
2025-07-08,1483293.0830209255,51693.77558684349,1
2025-07-09,1508989.8688943386,55693.55013823509,1
2025-07-10,1519875.3951699734,55693.55013823509,1
2025-07-11,1527191.775907278,55693.55013823509,1
2025-07-14,1519607.7160623074,55693.55013823509,1
2025-07-15,1578763.7096230984,55693.55013823509,1
2025-07-16,1584741.8309762478,55693.55013823509,1
2025-07-17,1599285.547620535,55693.55013823509,1
2025-07-18,1594021.2826058865,55693.55013823509,1
2025-07-21,1584831.1481149197,55693.55013823509,1
2025-07-22,1546018.2221200466,55693.55013823509,1
2025-07-23,1601518.1177499294,58001.40900969505,1
2025-07-24,1603813.9351022243,58001.40900969505,1
2025-07-25,1643143.0394723415,58001.40900969505,1
2025-07-28,1633959.6177499294,58001.40900969505,1
2025-07-29,1617589.1438424587,58001.40900969505,1
2025-07-30,1641246.4351022243,58001.40900969505,1
2025-07-31,1638651.169934988,58001.40900969505,1
2025-08-01,1597924.5916574001,58001.40900969505,1
2025-08-04,1661709.5655648708,58001.40900969505,1
2025-08-05,1787582.5916574001,58001.40900969505,1
2025-08-06,1849837.3125741482,67184.71923613548,1
2025-08-07,1876248.4889352322,67184.71923613548,1
2025-08-08,1923510.6258981228,67184.71923613548,1
2025-08-11,1881014.3665139675,67184.71923613548,1
2025-08-12,1923609.8613564968,67184.71923613548,1
2025-08-13,1897794.4007546902,67184.71923613548,1
2025-08-14,1864532.3416574001,67184.71923613548,1
2025-08-15,1826305.6310555935,67184.71923613548,1
2025-08-18,1795128.5771157742,67184.71923613548,1
2025-08-19,1633484.4692361355,67184.71923613548,1
2025-08-20,1633484.4692361355,1633484.4692361355,0
2025-08-21,1633484.4692361355,1633484.4692361355,0
2025-08-22,1633484.4692361355,1633484.4692361355,0
2025-08-25,1663956.6123025417,61278.18407988548,1
2025-08-26,1687400.3261697292,61278.18407988548,1
2025-08-27,1677828.6123025417,61278.18407988548,1
2025-08-28,1661089.7548806667,61278.18407988548,1
2025-08-29,1605093.0415017605,61278.18407988548,1
2025-09-02,1584238.7563455105,61278.18407988548,1
2025-09-03,1584238.7563455105,1584238.7563455105,0
2025-09-04,1604502.9274880886,59452.01305937767,1
2025-09-05,1660685.7563455105,59452.01305937767,1
2025-09-08,1640421.5852029324,59452.01305937767,1
2025-09-09,1643023.0986306667,59452.01305937767,1
2025-09-10,1646765.612058401,59452.01305937767,1
2025-09-11,1742700.8419167995,59452.01305937767,1
2025-09-12,1866522.1842019558,59452.01305937767,1
2025-09-15,1930874.612058401,59452.01305937767,1
2025-09-16,1983725.6707742214,59452.01305937767,1
2025-09-17,2002924.3465554714,74630.33288359642,1
2025-09-18,1962127.1605203152,74630.33288359642,1
2025-09-19,2003875.326047659,74630.33288359642,1
2025-09-22,2040733.1741921902,74630.33288359642,1
2025-09-23,2002879.1605203152,74630.33288359642,1
2025-09-24,2079583.4915750027,74630.33288359642,1
2025-09-25,1991740.3192117214,74630.33288359642,1
2025-09-26,2068761.5052468777,74630.33288359642,1
2025-09-29,2081485.1741921902,74630.33288359642,1
2025-09-30,2088322.4984109402,74630.33288359642,1
2025-10-01,2095432.0578591824,78482.71868681908,1
2025-10-02,2113205.792112112,78482.71868681908,1
2025-10-03,2099525.306089163,78482.71868681908,1
2025-10-06,2077119.5263650417,78482.71868681908,1
2025-10-07,2071733.5263650417,78482.71868681908,1
2025-10-08,2115575.645261526,78482.71868681908,1
2025-10-09,2152846.8375833035,78482.71868681908,1
2025-10-10,2051482.2781350613,78482.71868681908,1
2025-10-13,2107065.8375833035,78482.71868681908,1
2025-10-14,2017765.865537405,78482.71868681908,1
2025-10-15,2200407.5025002956,75674.448148489,1
2025-10-16,2164431.2264077663,75674.448148489,1
2025-10-17,2151251.864454031,75674.448148489,1
